game_id,week,team,final,ledger_total,gap,elig,nonoff,excl,ot,quarantined
401856766,0,TCU,10.0,10,0.0,10,0,0,0,False
401856766,0,North Carolina,15.0,15,0.0,13,2,0,0,False
401864494,0,USC,42.0,42,0.0,42,0,0,0,False
401864494,0,San Jose State,26.0,26,0.0,26,0,0,0,False
401858202,0,Virginia,34.0,34,0.0,34,0,0,0,False
401858202,0,NC State,8.0,8,0.0,6,2,0,0,False
401864577,0,North Dakota State,33.0,33,0.0,26,7,0,0,False
401864577,0,Jacksonville State,7.0,7,0.0,7,0,0,0,False
401866408,0,Eastern Michigan,28.0,28,0.0,28,0,0,0,False
401866408,0,Sacramento State,17.0,17,0.0,10,7,0,0,False
401858201,0,Stanford,37.0,14,23.0,14,0,0,0,True
401858201,0,Hawai_i,27.0,27,0.0,27,0,0,0,False
401864570,0,Florida State,34.0,34,0.0,34,0,0,0,False
401864570,0,New Mexico State,17.0,17,0.0,17,0,0,0,False
401862693,0,UNLV,21.0,21,0.0,21,0,0,0,False
401862693,0,Memphis,27.0,27,0.0,27,0,0,0,False
401858423,1,Rutgers,21.0,21,0.0,21,0,0,0,False
401858423,1,UMass,37.0,37,0.0,37,0,0,0,False
401858204,1,Wake Forest,38.0,38,0.0,38,0,0,0,False
401858204,1,Akron,16.0,16,0.0,9,0,7,0,False
401856776,1,Georgia Tech,13.0,13,0.0,6,1,6,0,False
401856776,1,Colorado,14.0,14,0.0,13,1,0,0,False
401858424,1,Illinois,42.0,42,0.0,35,7,0,0,False
401858424,1,UAB,23.0,23,0.0,23,0,0,0,False
401864495,1,Eastern Michigan,21.0,21,0.0,14,7,0,0,False
401864495,1,San Jose State,27.0,27,0.0,27,0,0,0,False
401856664,1,Oklahoma,51.0,51,0.0,34,7,10,0,False
401856664,1,UTEP,0.0,0,0.0,0,0,0,0,False
401858429,1,Michigan State,30.0,30,0.0,30,0,0,0,False
401858429,1,Toledo,20.0,20,0.0,20,0,0,0,False
401858206,1,Stanford,6.0,0,6.0,0,0,0,0,True
401858206,1,Miami,45.0,7,38.0,0,7,0,0,True
401858436,1,USC,39.0,0,39.0,0,0,0,0,True
401858436,1,Fresno State,0.0,0,0.0,0,0,0,0,False
401856634,1,Alabama,48.0,48,0.0,31,14,3,0,False
401856634,1,East Carolina,10.0,10,0.0,10,0,0,0,False
401856778,1,Houston,33.0,33,0.0,33,0,0,0,False
401856778,1,Oregon State,20.0,20,0.0,20,0,0,0,False
401856780,1,West Virginia,31.0,31,0.0,27,4,0,0,False
401856780,1,Coastal Carolina,24.0,24,0.0,24,0,0,0,False
401858425,1,Indiana,52.0,52,0.0,45,0,7,0,False
401858425,1,North Texas,16.0,16,0.0,16,0,0,0,False
401858430,1,Nebraska,49.0,49,0.0,49,0,0,0,False
401858430,1,Ohio,21.0,21,0.0,21,0,0,0,False
401869960,1,James Madison,20.0,20,0.0,20,0,0,0,False
401869960,1,Liberty,13.0,13,0.0,13,0,0,0,False
401858207,1,Pittsburgh,59.0,59,0.0,52,0,7,0,False
401858207,1,Miami (OH),14.0,14,0.0,14,0,0,0,False
401858432,1,Ohio State,56.0,56,0.0,42,0,14,0,False
401858432,1,Ball State,3.0,3,0.0,3,0,0,0,False
401856665,1,South Carolina,57.0,57,0.0,36,0,21,0,False
401856665,1,Kent State,0.0,0,0.0,0,0,0,0,False
401856636,1,Auburn,17.0,17,0.0,17,0,0,0,False
401856636,1,Baylor,16.0,16,0.0,16,0,0,0,False
401856667,1,Texas,59.0,59,0.0,35,7,17,0,False
401856667,1,Texas State,7.0,7,0.0,7,0,0,0,False
401856777,1,Cincinnati,34.0,34,0.0,27,7,0,0,False
401856777,1,Boston College,15.0,15,0.0,15,0,0,0,False
401858209,1,Duke,17.0,17,0.0,17,0,0,0,False
401858209,1,Tulane,3.0,3,0.0,3,0,0,0,False
401858433,1,Oregon,34.0,14,20.0,14,0,0,0,True
401858433,1,Boise State,27.0,27,0.0,26,1,0,0,False
401858434,1,Penn State,45.0,45,0.0,38,0,7,0,False
401858434,1,Marshall,0.0,0,0.0,0,0,0,0,False
401856772,1,Tulsa,24.0,24,0.0,24,0,0,0,False
401856772,1,Oklahoma State,10.0,10,0.0,10,0,0,0,False
401858426,1,Iowa,40.0,40,0.0,33,7,0,0,False
401858426,1,Northern Illinois,0.0,0,0.0,0,0,0,0,False
401860878,1,Colorado State,35.0,35,0.0,35,0,0,0,False
401860878,1,Wyoming,13.0,13,0.0,13,0,0,0,False
401856668,1,Texas A&M,50.0,50,0.0,38,2,10,0,False
401856668,1,Missouri State,0.0,0,0.0,0,0,0,0,False
401862695,1,Memphis,42.0,42,0.0,42,0,0,0,False
401862695,1,Arkansas State,24.0,24,0.0,24,0,0,0,False
401862699,1,South Florida,19.0,19,0.0,19,0,0,0,False
401862699,1,Florida International,9.0,9,0.0,6,3,0,0,False
401870763,1,Troy,24.0,24,0.0,24,0,0,0,False
401870763,1,Sam Houston State,21.0,21,0.0,21,0,0,0,False
401856660,1,LSU,51.0,51,0.0,31,7,13,0,False
401856660,1,Clemson,10.0,10,0.0,3,0,7,0,False
401856662,1,Mississippi State,62.0,62,0.0,41,0,21,0,False
401856662,1,Louisiana Monroe,13.0,13,0.0,3,0,10,0,False
401858428,1,Michigan,13.0,13,0.0,13,0,0,0,False
401858428,1,Western Michigan,12.0,12,0.0,12,0,0,0,False
401856637,1,Florida,66.0,66,0.0,59,0,7,0,False
401856637,1,Florida Atlantic,21.0,21,0.0,21,0,0,0,False
401864497,1,Hawai_i,6.0,6,0.0,6,0,0,0,False
401864497,1,UNLV,21.0,21,0.0,21,0,0,0,False
401864498,1,New Mexico,38.0,38,0.0,33,2,3,0,False
401864498,1,Central Michigan,7.0,7,0.0,0,0,7,0,False
401858210,1,California,24.0,24,0.0,24,0,0,0,False
401858210,1,UCLA,45.0,45,0.0,45,0,0,0,False
401864432,1,Nevada,49.0,49,0.0,42,0,7,0,False
401864432,1,Western Kentucky,14.0,14,0.0,7,0,7,0,False
401858437,1,Washington,24.0,24,0.0,24,0,0,0,False
401858437,1,Washington State,10.0,10,0.0,10,0,0,0,False
401856661,1,Ole Miss,41.0,41,0.0,41,0,0,0,False
401856661,1,Louisville,38.0,16,22.0,13,3,0,0,True
401858438,1,Notre Dame,41.0,41,0.0,34,7,0,0,False
401858438,1,Wisconsin,13.0,13,0.0,13,0,0,0,False
401858212,1,Florida State,24.0,24,0.0,24,0,0,0,False
401858212,1,SMU,27.0,27,0.0,27,0,0,0,False
401858214,2,Boston College,28.0,28,0.0,28,0,0,0,False
401858214,2,Rutgers,21.0,21,0.0,21,0,0,0,False
401856678,2,Kansas,21.0,21,0.0,14,7,0,0,False
401856678,2,Missouri,38.0,38,0.0,38,0,0,0,False
401856679,2,Michigan,17.0,17,0.0,17,0,0,0,False
401856679,2,Oklahoma,10.0,10,0.0,10,0,0,0,False
401856683,2,Texas A&M,48.0,48,0.0,34,14,0,0,False
401856683,2,Arizona State,20.0,20,0.0,20,0,0,0,False
401856781,2,Kansas State,34.0,34,0.0,34,0,0,0,False
401856781,2,Washington State,7.0,7,0.0,0,7,0,0,False
401856782,2,Oklahoma State,39.0,39,0.0,39,0,0,0,False
401856782,2,Oregon,31.0,31,0.0,24,7,0,0,False
401858221,2,Virginia Tech,44.0,44,0.0,37,7,0,0,False
401858221,2,Old Dominion,21.0,21,0.0,18,0,3,0,False
401858224,2,Purdue,36.0,7,29.0,7,0,0,0,True
401858224,2,Wake Forest,38.0,7,31.0,7,0,0,0,True
401858442,2,Temple,9.0,9,0.0,9,0,0,0,False
401858442,2,Penn State,27.0,27,0.0,27,0,0,0,False
401862702,2,Army,24.0,24,0.0,24,0,0,0,True
401862702,2,South Florida,28.0,28,0.0,28,0,0,0,False
401864571,2,East Carolina,24.0,24,0.0,24,0,0,0,False
401864571,2,Appalachian State,27.0,27,0.0,27,0,0,0,False
401856673,2,Georgia,70.0,70,0.0,49,14,7,0,False
401856673,2,Western Kentucky,20.0,20,0.0,6,0,14,0,False
401856674,2,Kentucky,17.0,17,0.0,10,7,0,0,False
401856674,2,Alabama,45.0,45,0.0,37,8,0,0,False
401856677,2,Minnesota,13.0,13,0.0,6,7,0,0,False
401856677,2,Mississippi State,38.0,38,0.0,38,0,0,0,False
401856790,2,Pittsburgh,12.0,12,0.0,10,2,0,0,False
401856790,2,UCF,7.0,0,7.0,0,0,0,0,True
401856810,2,BYU,28.0,28,0.0,28,0,0,0,False
401856810,2,Arizona,17.0,17,0.0,17,0,0,0,False
401858216,2,Syracuse,18.0,18,0.0,18,0,0,0,False
401858216,2,California,21.0,21,0.0,14,7,0,0,False
401858217,2,Illinois,27.0,27,0.0,27,0,0,0,False
401858217,2,Duke,31.0,31,0.0,31,0,0,0,False
401858440,2,Michigan State,35.0,35,0.0,35,0,0,0,False
401858440,2,Eastern Michigan,7.0,7,0.0,7,0,0,0,False
401858444,2,Connecticut,14.0,14,0.0,14,0,0,0,False
401858444,2,Maryland,38.0,38,0.0,38,0,0,0,False
401858446,2,Washington,16.0,16,0.0,16,0,0,0,False
401858446,2,Utah State,14.0,14,0.0,14,0,0,0,False
401859184,2,Notre Dame,52.0,7,45.0,0,7,0,0,True
401859184,2,Rice,0.0,0,0.0,0,0,0,0,False
401860884,2,Texas State,26.0,26,0.0,26,0,0,0,False
401860884,2,UT San Antonio,31.0,31,0.0,30,1,0,0,False
401862708,2,UAB,26.0,26,0.0,26,0,0,0,False
401862708,2,Louisiana Monroe,20.0,20,0.0,20,0,0,0,False
401862705,2,North Texas,44.0,44,0.0,34,0,10,0,False
401862705,2,UNLV,6.0,6,0.0,6,0,0,0,False
401856684,2,Vanderbilt,35.0,35,0.0,29,6,0,0,False
401856684,2,Delaware,26.0,26,0.0,19,7,0,0,False
401860881,2,Boise State,38.0,38,0.0,31,7,0,0,False
401860881,2,Memphis,20.0,20,0.0,10,10,0,0,True
401866414,2,Florida International,33.0,33,0.0,33,0,0,0,False
401866414,2,Buffalo,20.0,20,0.0,20,0,0,0,False
401866418,2,Ohio,29.0,29,0.0,17,7,0,5,False
401866418,2,Jacksonville State,27.0,27,0.0,24,0,0,3,False
401856681,2,Georgia Tech,24.0,24,0.0,17,7,0,0,False
401856681,2,Tennessee,45.0,45,0.0,38,7,0,0,False
401858441,2,Nebraska,56.0,56,0.0,35,7,14,0,False
401858441,2,Bowling Green,7.0,7,0.0,0,0,7,0,False
401862707,2,Sam Houston State,17.0,17,0.0,17,0,0,0,False
401862707,2,Tulsa,23.0,23,0.0,23,0,0,0,False
401864575,2,Tulane,28.0,28,0.0,28,0,0,0,False
401864575,2,South Alabama,24.0,24,0.0,24,0,0,0,False
401869955,2,Kennesaw State,17.0,17,0.0,17,0,0,0,False
401869955,2,Georgia State,31.0,31,0.0,31,0,0,0,False
401871045,2,Marshall,28.0,28,0.0,28,0,0,0,False
401871045,2,Middle Tennessee,26.0,26,0.0,19,7,0,0,False
401858443,2,UCLA,28.0,28,0.0,28,0,0,0,False
401858443,2,San Diego State,10.0,10,0.0,10,0,0,0,False
401856682,2,Texas,24.0,24,0.0,24,0,0,0,False
401856682,2,Ohio State,23.0,23,0.0,23,0,0,0,False
401856783,2,Oregon State,24.0,24,0.0,24,0,0,0,False
401856783,2,Texas Tech,35.0,21,14.0,20,1,0,0,True
401856788,2,Iowa,16.0,16,0.0,16,0,0,0,False
401856788,2,Iowa State,13.0,13,0.0,13,0,0,0,False
401858219,2,Clemson,22.0,22,0.0,22,0,0,0,False
401858219,2,Georgia Southern,7.0,7,0.0,7,0,0,0,False
401862703,2,Florida Atlantic,38.0,14,24.0,14,0,0,0,True
401862703,2,Navy,30.0,30,0.0,27,3,0,0,False
401867796,2,LSU,45.0,45,0.0,45,0,0,0,False
401867796,2,Louisiana Tech,14.0,14,0.0,7,7,0,0,False
401856671,2,Auburn,43.0,43,0.0,33,10,0,0,False
401856671,2,Southern Mississippi,8.0,8,0.0,8,0,0,0,False
401856676,2,Ole Miss,41.0,41,0.0,40,1,0,0,False
401856676,2,Charlotte,9.0,9,0.0,9,0,0,0,False
401864502,2,Air Force,32.0,0,32.0,0,0,0,0,True
401864502,2,North Dakota State,38.0,14,24.0,14,0,0,0,True
401856670,2,Utah,43.0,43,0.0,42,1,0,0,False
401856670,2,Arkansas,10.0,10,0.0,3,0,7,0,False
401860883,2,Fresno State,49.0,49,0.0,39,0,10,0,False
401860883,2,Sacramento State,3.0,3,0.0,0,0,3,0,False
401858445,2,USC,49.0,7,42.0,7,0,0,0,True
401858445,2,Louisiana,30.0,30,0.0,30,0,0,0,False
401864578,2,Hawai_i,29.0,29,0.0,29,0,0,0,False
401864578,2,New Mexico State,19.0,19,0.0,13,6,0,0,False
401858225,3,Pittsburgh,27.0,27,0.0,27,0,0,0,False
401858225,3,Syracuse,13.0,13,0.0,13,0,0,0,False
401858226,3,Wake Forest,20.0,20,0.0,20,0,0,0,False
401858226,3,Miami,33.0,33,0.0,28,5,0,0,False
401856811,3,Texas Tech,28.0,28,0.0,28,0,0,0,False
401856811,3,Houston,26.0,26,0.0,26,0,0,0,False
401869940,3,Delaware,22.0,22,0.0,22,0,0,0,False
401869940,3,Coastal Carolina,14.0,14,0.0,14,0,0,0,False
401856686,3,Arkansas,17.0,17,0.0,3,0,14,0,False
401856686,3,Georgia,45.0,45,0.0,31,0,14,0,False
401856792,3,Kansas State,31.0,31,0.0,31,0,0,0,False
401856792,3,Tulane,20.0,20,0.0,20,0,0,0,False
401856798,3,Iowa State,55.0,55,0.0,31,14,10,0,False
401856798,3,Bowling Green,7.0,7,0.0,7,0,0,0,False
401856812,3,Kansas,17.0,17,0.0,10,7,0,0,False
401856812,3,Arizona State,24.0,24,0.0,17,7,0,0,False
401858229,3,Clemson,28.0,28,0.0,28,0,0,0,False
401858229,3,North Carolina,20.0,20,0.0,20,0,0,0,False
401858451,3,Minnesota,41.0,41,0.0,34,0,7,0,False
401858451,3,Akron,7.0,7,0.0,0,0,7,0,False
401858454,3,Ohio State,59.0,0,59.0,0,0,0,0,True
401858454,3,Kent State,3.0,3,0.0,0,0,3,0,False
401858456,3,Penn State,55.0,55,0.0,41,0,14,0,False
401858456,3,Buffalo,13.0,13,0.0,6,0,7,0,False
401860889,3,Texas State,49.0,49,0.0,49,0,0,0,False
401860889,3,North Texas,35.0,35,0.0,35,0,0,0,False
401858460,3,Wisconsin,54.0,35,19.0,34,1,0,0,True
401858460,3,Eastern Michigan,10.0,10,0.0,10,0,0,0,False
401856695,3,Vanderbilt,35.0,28,7.0,28,0,0,0,False
401856695,3,NC State,31.0,31,0.0,31,0,0,0,False
401864508,3,Central Michigan,24.0,24,0.0,24,0,0,0,False
401864508,3,Wyoming,10.0,10,0.0,10,0,0,0,False
401862774,3,Toledo,49.0,49,0.0,42,0,0,7,False
401862774,3,Temple,48.0,48,0.0,42,0,0,6,False
401856685,3,Alabama,50.0,50,0.0,50,0,0,0,False
401856685,3,Florida State,36.0,36,0.0,36,0,0,0,False
401856694,3,Texas A&M,21.0,21,0.0,21,0,0,0,False
401856694,3,Kentucky,31.0,31,0.0,31,0,0,0,False
401856797,3,Cincinnati,35.0,35,0.0,35,0,0,0,False
401856797,3,Miami (OH),31.0,31,0.0,24,7,0,0,False
401856801,3,Utah,33.0,33,0.0,33,0,0,0,False
401856801,3,Utah State,0.0,0,0.0,0,0,0,0,False
401858230,3,Louisville,41.0,41,0.0,40,1,0,0,False
401858230,3,SMU,31.0,31,0.0,31,0,0,0,False
401858450,3,Michigan,52.0,52,0.0,38,7,7,0,False
401858450,3,UTEP,17.0,17,0.0,14,0,3,0,False
401858457,3,Rutgers,35.0,35,0.0,35,0,0,0,False
401858457,3,USC,42.0,42,0.0,35,7,0,0,False
401858231,3,Duke,35.0,35,0.0,35,0,0,0,False
401858231,3,Stanford,7.0,7,0.0,7,0,0,0,False
401858449,3,Indiana,38.0,38,0.0,31,0,7,0,False
401858449,3,Western Kentucky,0.0,0,0.0,0,0,0,0,False
401866422,3,Liberty,51.0,51,0.0,44,0,7,0,False
401866422,3,Ball State,15.0,15,0.0,15,0,0,0,False
401867804,3,Baylor,36.0,36,0.0,36,0,0,0,False
401867804,3,Louisiana Tech,19.0,19,0.0,19,0,0,0,False
401856691,3,South Carolina,34.0,34,0.0,34,0,0,0,False
401856691,3,Mississippi State,41.0,41,0.0,41,0,0,0,False
401862710,3,Old Dominion,17.0,0,17.0,0,0,0,0,True
401862710,3,East Carolina,20.0,20,0.0,13,7,0,0,False
401862771,3,Florida Atlantic,16.0,0,16.0,0,0,0,0,True
401862771,3,Florida International,10.0,10,0.0,10,0,0,0,False
401864574,3,Appalachian State,26.0,26,0.0,26,0,0,0,False
401864574,3,Charlotte,21.0,21,0.0,15,6,0,0,False
401871047,3,Missouri State,24.0,24,0.0,24,0,0,0,False
401871047,3,Marshall,30.0,30,0.0,30,0,0,0,False
401856687,3,Auburn,39.0,39,0.0,39,0,0,0,False
401856687,3,Florida,44.0,44,0.0,43,1,0,0,False
401856689,3,Missouri,27.0,27,0.0,20,7,0,0,False
401856689,3,Troy,17.0,17,0.0,17,0,0,0,False
401856800,3,UCF,44.0,44,0.0,44,0,0,0,False
401856800,3,Georgia State,30.0,30,0.0,30,0,0,0,False
401861963,3,Southern Mississippi,20.0,20,0.0,13,0,7,0,False
401861963,3,Connecticut,48.0,48,0.0,34,7,7,0,False
401862773,3,Rice,21.0,21,0.0,21,0,0,0,False
401862773,3,Western Michigan,28.0,28,0.0,28,0,0,0,False
401864443,3,Middle Tennessee,27.0,27,0.0,24,3,0,0,True
401864443,3,Nevada,20.0,20,0.0,20,0,0,0,False
401866423,3,South Alabama,41.0,41,0.0,41,0,0,0,False
401866423,3,Ohio,36.0,36,0.0,36,0,0,0,False
401869948,3,Jacksonville State,31.0,31,0.0,24,7,0,0,False
401869948,3,Georgia Southern,27.0,27,0.0,27,0,0,0,False
401856688,3,Ole Miss,32.0,32,0.0,30,2,0,0,False
401856688,3,LSU,24.0,24,0.0,24,0,0,0,False
401856690,3,Oklahoma,14.0,14,0.0,14,0,0,0,False
401856690,3,New Mexico,6.0,6,0.0,6,0,0,0,False
401856795,3,Colorado State,23.0,23,0.0,23,0,0,0,False
401856795,3,BYU,41.0,41,0.0,41,0,0,0,False
401856796,3,Northwestern,41.0,41,0.0,38,0,3,0,False
401856796,3,Colorado,7.0,7,0.0,7,0,0,0,False
401856802,3,Virginia,27.0,27,0.0,27,0,0,0,False
401856802,3,West Virginia,38.0,38,0.0,38,0,0,0,False
401858232,3,Maryland,26.0,26,0.0,26,0,0,0,False
401858232,3,Virginia Tech,35.0,35,0.0,35,0,0,0,False
401858453,3,Notre Dame,27.0,27,0.0,27,0,0,0,False
401858453,3,Michigan State,10.0,10,0.0,10,0,0,0,False
401856692,3,Tennessee,42.0,42,0.0,35,0,7,0,False
401856692,3,Kennesaw State,9.0,9,0.0,6,0,3,0,False
401856693,3,Texas,30.0,30,0.0,30,0,0,0,False
401856693,3,UT San Antonio,6.0,6,0.0,6,0,0,0,False
401856799,3,TCU,31.0,31,0.0,31,0,0,0,False
401856799,3,Arkansas State,7.0,7,0.0,7,0,0,0,False
401862776,3,Louisiana,21.0,21,0.0,21,0,0,0,False
401862776,3,UAB,14.0,14,0.0,7,7,0,0,False
401860887,3,San Diego State,13.0,13,0.0,13,0,0,0,False
401860887,3,James Madison,26.0,26,0.0,23,3,0,0,False
401856793,3,Arizona,42.0,42,0.0,35,7,0,0,False
401856793,3,Northern Illinois,17.0,10,7.0,10,0,0,0,False
401864507,3,Sacramento State,10.0,10,0.0,10,0,0,0,False
401864507,3,North Dakota State,31.0,31,0.0,24,7,0,0,False
401858458,3,UCLA,52.0,52,0.0,52,0,0,0,False
401858458,3,Purdue,38.0,38,0.0,38,0,0,0,False
401860888,3,San Jose State,10.0,10,0.0,10,0,0,0,False
401860888,3,Fresno State,26.0,26,0.0,26,0,0,0,False
401869941,4,Coastal Carolina,17.0,17,0.0,17,0,0,0,False
401869941,4,Liberty,34.0,34,0.0,34,0,0,0,False
401862779,4,Temple,17.0,17,0.0,17,0,0,0,False
401862779,4,Army,21.0,21,0.0,21,0,0,0,False
401862778,4,UAB,24.0,24,0.0,24,0,0,0,False
401862778,4,Navy,20.0,20,0.0,20,0,0,0,False
401858461,4,Indiana,29.0,29,0.0,27,2,0,0,False
401858461,4,Northwestern,23.0,23,0.0,23,0,0,0,False
401858234,4,California,10.0,10,0.0,3,7,0,0,False
401858234,4,Clemson,24.0,24,0.0,10,14,0,0,False
401856704,4,Tennessee,17.0,17,0.0,10,7,0,0,False
401856704,4,Texas,20.0,20,0.0,20,0,0,0,False
401856805,4,Texas Tech,49.0,49,0.0,28,14,7,0,False
401856805,4,Sam Houston State,14.0,14,0.0,14,0,0,0,False
401856813,4,Baylor,23.0,23,0.0,23,0,0,0,False
401856813,4,Colorado,13.0,13,0.0,13,0,0,0,False
401858242,4,Boston College,14.0,14,0.0,14,0,0,0,False
401858242,4,Virginia Tech,21.0,21,0.0,21,0,0,0,False
401858243,4,Louisville,27.0,27,0.0,27,0,0,0,False
401858243,4,Wake Forest,30.0,30,0.0,30,0,0,0,False
401858465,4,Ohio State,42.0,42,0.0,41,1,0,0,False
401858465,4,Illinois,19.0,19,0.0,19,0,0,0,False
401860893,4,Toledo,41.0,41,0.0,34,7,0,0,False
401860893,4,San Diego State,16.0,16,0.0,16,0,0,0,False
401860896,4,UT San Antonio,59.0,59,0.0,52,7,0,0,False
401860896,4,Colorado State,45.0,45,0.0,38,1,6,0,False
401864512,4,Akron,10.0,10,0.0,10,0,0,0,False
401864512,4,UNLV,38.0,38,0.0,31,7,0,0,False
401866425,4,Kent State,26.0,7,19.0,7,0,0,0,True
401866425,4,Ball State,13.0,13,0.0,13,0,0,0,False
401864576,4,Kentucky,45.0,45,0.0,45,0,0,0,False
401864576,4,South Alabama,21.0,21,0.0,21,0,0,0,False
401858462,4,Maryland,3.0,3,0.0,3,0,0,0,False
401858462,4,UCLA,54.0,54,0.0,23,14,17,0,False
401858467,4,Purdue,10.0,10,0.0,0,0,10,0,False
401858467,4,Notre Dame,49.0,49,0.0,35,7,7,0,False
401864511,4,Georgia State,35.0,35,0.0,28,7,0,0,False
401864511,4,Northern Illinois,14.0,14,0.0,14,0,0,0,False
401864510,4,Wyoming,27.0,27,0.0,27,0,0,0,False
401864510,4,Hawai_i,10.0,10,0.0,9,1,0,0,False
401856699,4,Florida,52.0,52,0.0,52,0,0,0,False
401856699,4,Ole Miss,28.0,28,0.0,28,0,0,0,False
401856700,4,Georgia,41.0,41,0.0,30,8,3,0,False
401856700,4,Oklahoma,13.0,13,0.0,6,0,7,0,False
401856815,4,UCF,21.0,21,0.0,21,0,0,0,False
401856815,4,TCU,13.0,13,0.0,13,0,0,0,False
401856816,4,Iowa State,17.0,17,0.0,11,6,0,0,False
401856816,4,Utah,31.0,6,25.0,6,0,0,0,True
401858463,4,Michigan,19.0,19,0.0,19,0,0,0,False
401858463,4,Iowa,20.0,20,0.0,13,7,0,0,False
401860897,4,Western Michigan,7.0,7,0.0,7,0,0,0,False
401860897,4,Boise State,32.0,32,0.0,32,0,0,0,False
401861970,4,Miami (OH),24.0,1,23.0,1,0,0,0,True
401861970,4,Connecticut,21.0,21,0.0,20,1,0,0,False
401864579,4,New Mexico State,18.0,6,12.0,5,0,1,0,False
401864579,4,New Mexico,42.0,42,0.0,27,9,6,0,False
401856806,4,Georgia Southern,28.0,28,0.0,28,0,0,0,False
401856806,4,Houston,42.0,42,0.0,41,1,0,0,False
401856698,4,Auburn,21.0,21,0.0,14,7,0,0,False
401856698,4,Vanderbilt,15.0,15,0.0,15,0,0,0,False
401858464,4,Michigan State,13.0,13,0.0,13,0,0,0,False
401858464,4,Nebraska,31.0,18,13.0,18,0,0,0,True
401858466,4,Penn State,20.0,20,0.0,13,7,0,0,False
401858466,4,Wisconsin,24.0,24,0.0,24,0,0,0,False
401862785,4,Bowling Green,6.0,6,0.0,6,0,0,0,False
401862785,4,South Florida,14.0,14,0.0,14,0,0,0,False
401858239,4,Virginia,42.0,42,0.0,35,0,7,0,False
401858239,4,Delaware,3.0,3,0.0,3,0,0,0,False
401869961,4,Old Dominion,20.0,20,0.0,20,0,0,0,False
401869961,4,James Madison,46.0,0,46.0,0,0,0,0,True
401858238,4,Miami,52.0,52,0.0,35,7,10,0,False
401858238,4,Central Michigan,3.0,3,0.0,3,0,0,0,False
401862780,4,Charlotte,7.0,7,0.0,0,7,0,0,False
401862780,4,Louisiana,34.0,34,0.0,34,0,0,0,False
401856696,4,Alabama,49.0,49,0.0,42,7,0,0,False
401856696,4,South Carolina,18.0,18,0.0,18,0,0,0,False
401856814,4,Cincinnati,31.0,31,0.0,31,0,0,0,False
401856814,4,Kansas State,26.0,26,0.0,26,0,0,0,False
401856881,4,West Virginia,24.0,24,0.0,24,0,0,0,False
401856881,4,Oklahoma State,41.0,41,0.0,41,0,0,0,False
401862784,4,Tulane,24.0,24,0.0,24,0,0,0,False
401862784,4,Southern Mississippi,21.0,21,0.0,21,0,0,0,False
401869931,4,Arkansas State,17.0,17,0.0,17,0,0,0,False
401869931,4,Kennesaw State,14.0,14,0.0,14,0,0,0,False
401871048,4,Jacksonville State,23.0,23,0.0,23,0,0,0,False
401871048,4,Middle Tennessee,13.0,13,0.0,13,0,0,0,False
401856702,4,LSU,35.0,35,0.0,35,0,0,0,False
401856702,4,Texas A&M,6.0,6,0.0,6,0,0,0,False
401856804,4,Washington State,24.0,24,0.0,17,7,0,0,False
401856804,4,Arizona,34.0,34,0.0,34,0,0,0,False
401858469,4,USC,27.0,27,0.0,27,0,0,0,False
401858469,4,Oregon,41.0,41,0.0,41,0,0,0,False
401860894,4,Utah State,21.0,21,0.0,21,0,0,0,False
401860894,4,Troy,10.0,10,0.0,10,0,0,0,False
401864572,4,NC State,41.0,41,0.0,40,1,0,0,False
401864572,4,Appalachian State,31.0,31,0.0,31,0,0,0,False
401856703,4,Mississippi State,31.0,31,0.0,31,0,0,0,False
401856703,4,Missouri,24.0,24,0.0,24,0,0,0,False
401856697,4,Arkansas,34.0,34,0.0,34,0,0,0,False
401856697,4,Tulsa,6.0,6,0.0,6,0,0,0,False
401862782,4,Louisiana Monroe,17.0,17,0.0,17,0,0,0,False
401862782,4,Florida Atlantic,45.0,45,0.0,38,7,0,0,False
401858241,4,SMU,34.0,34,0.0,34,0,0,0,False
401858241,4,Missouri State,24.0,24,0.0,17,7,0,0,False
401860895,4,UTEP,7.0,7,0.0,7,0,0,0,False
401860895,4,Oregon State,33.0,33,0.0,33,0,0,0,False
401866429,4,Sacramento State,6.0,6,0.0,6,0,0,0,False
401866429,4,UMass,35.0,35,0.0,28,7,0,0,False
401860891,4,Fresno State,38.0,38,0.0,38,0,0,0,False
401860891,4,Rice,24.0,24,0.0,24,0,0,0,False
401858240,4,Stanford,34.0,34,0.0,34,0,0,0,False
401858240,4,Georgia Tech,27.0,27,0.0,27,0,0,0,False
401864509,4,Nevada,33.0,33,0.0,27,0,0,6,False
401864509,4,Air Force,36.0,36,0.0,27,0,0,9,False
401858470,4,Washington,24.0,24,0.0,24,0,0,0,False
401858470,4,Minnesota,27.0,27,0.0,27,0,0,0,False
