team,unit_role,num,den,val,rank,val_0,rank_0,dv,dr
Air Force,defense,65.0,21.0,3.0952380952380953,120.0,2.7,105.0,0.39523809523809517,15.0
Air Force,offense,59.0,20.0,2.95,28.0,2.7,38.0,0.25,-10.0
Akron,defense,103.0,30.0,3.433333333333333,127.0,3.433333333333333,129.0,0.0,-2.0
Akron,offense,19.0,30.0,0.6333333333333333,136.0,0.6333333333333333,135.0,0.0,1.0
Alabama,defense,74.0,45.0,1.6444444444444444,33.0,1.6444444444444444,36.0,0.0,-3.0
Alabama,offense,160.0,44.0,3.6363636363636362,11.0,3.6363636363636362,9.0,0.0,2.0
App State,defense,79.0,36.0,2.1944444444444446,71.0,2.1944444444444446,75.0,0.0,-4.0
App State,offense,84.0,39.0,2.1538461538461537,68.0,2.1538461538461537,66.0,0.0,2.0
Arizona,defense,55.0,30.0,1.8333333333333333,49.0,1.8333333333333333,50.0,0.0,-1.0
Arizona,offense,86.0,31.0,2.774193548387097,35.0,2.774193548387097,36.0,0.0,-1.0
Arizona State,defense,44.0,26.0,1.6923076923076923,38.0,1.6923076923076923,39.0,0.0,-1.0
Arizona State,offense,37.0,27.0,1.3703703703703705,110.0,1.3703703703703705,110.0,0.0,0.0
Arkansas,defense,79.0,27.0,2.925925925925926,111.0,2.925925925925926,113.0,0.0,-2.0
Arkansas,offense,40.0,27.0,1.4814814814814814,106.0,1.4814814814814814,106.0,0.0,0.0
Arkansas State,defense,87.0,32.0,2.71875,103.0,2.71875,106.0,0.0,-3.0
Arkansas State,offense,48.0,32.0,1.5,104.0,1.5,104.0,0.0,0.0
Army,defense,45.0,18.0,2.5,89.0,2.5,91.0,0.0,-2.0
Army,offense,45.0,18.0,2.5,52.0,2.3333333333333335,60.0,0.16666666666666652,-8.0
Auburn,defense,82.0,44.0,1.8636363636363635,51.0,1.8636363636363635,52.0,0.0,-1.0
Auburn,offense,103.0,43.0,2.395348837209302,58.0,2.395348837209302,55.0,0.0,3.0
BYU,defense,40.0,21.0,1.9047619047619047,54.0,1.9047619047619047,55.0,0.0,-1.0
BYU,offense,69.0,22.0,3.1363636363636362,17.0,3.1363636363636362,16.0,0.0,1.0
Ball State,defense,112.0,27.0,4.148148148148148,133.0,5.0588235294117645,138.0,-0.9106753812636166,-5.0
Ball State,offense,31.0,26.0,1.1923076923076923,120.0,1.1923076923076923,120.0,0.0,0.0
Baylor,defense,49.0,40.0,1.225,12.0,1.225,16.0,0.0,-4.0
Baylor,offense,75.0,41.0,1.829268292682927,88.0,1.829268292682927,86.0,0.0,2.0
Boise State,defense,51.0,32.0,1.59375,29.0,0.875,8.0,0.71875,21.0
Boise State,offense,89.0,32.0,2.78125,33.0,2.78125,34.0,0.0,-1.0
Boston College,defense,69.0,36.0,1.9166666666666667,56.0,1.9166666666666667,59.0,0.0,-3.0
Boston College,offense,57.0,36.0,1.5833333333333333,100.0,1.5833333333333333,100.0,0.0,0.0
Bowling Green,defense,80.0,26.0,3.076923076923077,118.0,3.076923076923077,119.0,0.0,-1.0
Bowling Green,offense,13.0,26.0,0.5,137.0,0.5,136.0,0.0,1.0
Buffalo,defense,74.0,24.0,3.0833333333333335,119.0,3.0833333333333335,120.0,0.0,-1.0
Buffalo,offense,26.0,23.0,1.1304347826086956,124.0,1.1304347826086956,123.0,0.0,1.0
California,defense,73.0,36.0,2.0277777777777777,62.0,2.0277777777777777,67.0,0.0,-5.0
California,offense,41.0,36.0,1.1388888888888888,123.0,1.1388888888888888,122.0,0.0,1.0
Central Michigan,defense,78.0,24.0,3.25,124.0,3.25,125.0,0.0,-1.0
Central Michigan,offense,27.0,23.0,1.173913043478261,122.0,1.173913043478261,121.0,0.0,1.0
Charlotte,defense,100.0,34.0,2.9411764705882355,112.0,2.9411764705882355,114.0,0.0,-2.0
Charlotte,offense,24.0,30.0,0.8,133.0,0.8,132.0,0.0,1.0
Cincinnati,defense,65.0,33.0,1.9696969696969697,59.0,1.9696969696969697,64.0,0.0,-5.0
Cincinnati,offense,93.0,36.0,2.5833333333333335,45.0,2.5833333333333335,44.0,0.0,1.0
Clemson,defense,61.0,44.0,1.3863636363636365,22.0,1.3863636363636365,26.0,0.0,-4.0
Clemson,offense,63.0,47.0,1.3404255319148937,114.0,1.3404255319148937,114.0,0.0,0.0
Coastal Carolina,defense,83.0,38.0,2.1842105263157894,70.0,2.1842105263157894,74.0,0.0,-4.0
Coastal Carolina,offense,55.0,34.0,1.6176470588235294,97.0,1.6176470588235294,97.0,0.0,0.0
Colorado,defense,67.0,35.0,1.9142857142857144,55.0,1.9142857142857144,58.0,0.0,-3.0
Colorado,offense,33.0,35.0,0.9428571428571428,129.0,0.9428571428571428,128.0,0.0,1.0
Colorado State,defense,106.0,36.0,2.9444444444444446,113.0,2.9444444444444446,115.0,0.0,-2.0
Colorado State,offense,96.0,34.0,2.823529411764706,31.0,2.823529411764706,32.0,0.0,-1.0
Delaware,defense,78.0,33.0,2.3636363636363638,81.0,2.3636363636363638,84.0,0.0,-3.0
Delaware,offense,44.0,33.0,1.3333333333333333,115.0,1.3333333333333333,115.0,0.0,0.0
Duke,defense,37.0,30.0,1.2333333333333334,13.0,1.2333333333333334,17.0,0.0,-4.0
Duke,offense,83.0,33.0,2.515151515151515,50.0,2.515151515151515,49.0,0.0,1.0
East Carolina,defense,75.0,36.0,2.0833333333333335,65.0,2.5217391304347827,92.0,-0.4384057971014492,-27.0
East Carolina,offense,47.0,36.0,1.3055555555555556,117.0,1.3055555555555556,117.0,0.0,0.0
Eastern Michigan,defense,125.0,45.0,2.7777777777777777,106.0,1.945945945945946,62.0,0.8318318318318316,44.0
Eastern Michigan,offense,59.0,46.0,1.2826086956521738,118.0,1.2826086956521738,118.0,0.0,0.0
Florida,defense,88.0,33.0,2.6666666666666665,98.0,2.6666666666666665,101.0,0.0,-3.0
Florida,offense,154.0,33.0,4.666666666666667,2.0,4.666666666666667,1.0,0.0,1.0
Florida Atlantic,defense,113.0,43.0,2.627906976744186,95.0,2.627906976744186,98.0,0.0,-3.0
Florida Atlantic,offense,113.0,42.0,2.6904761904761907,39.0,3.1052631578947367,18.0,-0.41478696741854604,21.0
Florida International,defense,55.0,33.0,1.6666666666666667,35.0,1.7727272727272727,44.0,-0.10606060606060597,-9.0
Florida International,offense,49.0,35.0,1.4,109.0,1.4,109.0,0.0,0.0
Florida State,defense,94.0,34.0,2.764705882352941,104.0,2.764705882352941,107.0,0.0,-3.0
Florida State,offense,94.0,34.0,2.764705882352941,36.0,2.764705882352941,37.0,0.0,-1.0
Fresno State,defense,73.0,40.0,1.825,48.0,1.0625,12.0,0.7625,36.0
Fresno State,offense,103.0,44.0,2.340909090909091,62.0,2.340909090909091,59.0,0.0,3.0
Georgia,defense,15.0,27.0,0.5555555555555556,2.0,0.5555555555555556,3.0,0.0,-1.0
Georgia,offense,110.0,28.0,3.9285714285714284,6.0,3.9285714285714284,4.0,0.0,2.0
Georgia Southern,defense,87.0,34.0,2.5588235294117645,91.0,2.5588235294117645,94.0,0.0,-3.0
Georgia Southern,offense,62.0,33.0,1.878787878787879,84.0,1.878787878787879,83.0,0.0,1.0
Georgia State,defense,75.0,34.0,2.2058823529411766,72.0,2.2058823529411766,76.0,0.0,-4.0
Georgia State,offense,89.0,36.0,2.4722222222222223,54.0,2.4722222222222223,51.0,0.0,3.0
Georgia Tech,defense,85.0,32.0,2.65625,97.0,2.65625,100.0,0.0,-3.0
Georgia Tech,offense,50.0,30.0,1.6666666666666667,93.0,1.6666666666666667,93.0,0.0,0.0
Hawai'i,defense,98.0,45.0,2.1777777777777776,69.0,1.90625,57.0,0.2715277777777776,12.0
Hawai'i,offense,71.0,45.0,1.5777777777777777,101.0,1.5777777777777777,101.0,0.0,0.0
Houston,defense,76.0,32.0,2.375,82.0,2.375,85.0,0.0,-3.0
Houston,offense,100.0,30.0,3.3333333333333335,12.0,3.3333333333333335,11.0,0.0,1.0
Illinois,defense,95.0,26.0,3.6538461538461537,130.0,3.6538461538461537,132.0,0.0,-2.0
Illinois,offense,81.0,26.0,3.1153846153846154,18.0,3.1153846153846154,17.0,0.0,1.0
Indiana,defense,39.0,27.0,1.4444444444444444,25.0,1.4444444444444444,30.0,0.0,-5.0
Indiana,offense,103.0,28.0,3.6785714285714284,9.0,3.6785714285714284,8.0,0.0,1.0
Iowa,defense,32.0,33.0,0.9696969696969697,5.0,0.9696969696969697,9.0,0.0,-4.0
Iowa,offense,62.0,31.0,2.0,81.0,2.0,77.0,0.0,4.0
Iowa State,defense,54.0,32.0,1.6875,37.0,1.0952380952380953,13.0,0.5922619047619047,24.0
Iowa State,offense,55.0,31.0,1.7741935483870968,90.0,1.7741935483870968,88.0,0.0,2.0
Jacksonville State,defense,83.0,36.0,2.3055555555555554,78.0,2.3055555555555554,81.0,0.0,-3.0
Jacksonville State,offense,78.0,38.0,2.0526315789473686,76.0,2.0526315789473686,71.0,0.0,5.0
James Madison,defense,46.0,37.0,1.2432432432432432,15.0,1.2432432432432432,18.0,0.0,-3.0
James Madison,offense,89.0,37.0,2.4054054054054053,57.0,1.9545454545454546,81.0,0.4508599508599507,-24.0
Kansas,defense,55.0,28.0,1.9642857142857142,58.0,1.9642857142857142,63.0,0.0,-5.0
Kansas,offense,24.0,27.0,0.8888888888888888,130.0,0.8888888888888888,129.0,0.0,1.0
Kansas State,defense,51.0,28.0,1.8214285714285714,47.0,1.8214285714285714,49.0,0.0,-2.0
Kansas State,offense,91.0,30.0,3.033333333333333,22.0,3.033333333333333,22.0,0.0,0.0
Kennesaw State,defense,83.0,28.0,2.9642857142857144,115.0,2.9642857142857144,116.0,0.0,-1.0
Kennesaw State,offense,37.0,29.0,1.2758620689655173,119.0,1.2758620689655173,119.0,0.0,0.0
Kent State,defense,108.0,22.0,4.909090909090909,137.0,3.2666666666666666,126.0,1.6424242424242426,11.0
Kent State,offense,26.0,22.0,1.1818181818181819,121.0,0.0,138.0,1.1818181818181819,-17.0
Kentucky,defense,79.0,35.0,2.257142857142857,75.0,2.257142857142857,78.0,0.0,-3.0
Kentucky,offense,86.0,35.0,2.4571428571428573,55.0,2.4571428571428573,52.0,0.0,3.0
LSU,defense,46.0,44.0,1.0454545454545454,7.0,1.0454545454545454,11.0,0.0,-4.0
LSU,offense,135.0,43.0,3.13953488372093,16.0,3.13953488372093,15.0,0.0,1.0
Liberty,defense,52.0,29.0,1.793103448275862,45.0,1.793103448275862,47.0,0.0,-2.0
Liberty,offense,91.0,30.0,3.033333333333333,22.0,3.033333333333333,22.0,0.0,0.0
Louisiana,defense,56.0,33.0,1.696969696969697,39.0,0.30434782608695654,1.0,1.3926218708827405,38.0
Louisiana,offense,85.0,36.0,2.361111111111111,59.0,2.361111111111111,56.0,0.0,3.0
Louisiana Tech,defense,81.0,28.0,2.892857142857143,108.0,2.892857142857143,110.0,0.0,-2.0
Louisiana Tech,offense,26.0,26.0,1.0,128.0,1.0,127.0,0.0,1.0
Louisville,defense,102.0,38.0,2.6842105263157894,100.0,2.6842105263157894,103.0,0.0,-3.0
Louisville,offense,102.0,38.0,2.6842105263157894,40.0,2.68,39.0,0.00421052631578922,1.0
Marshall,defense,81.0,28.0,2.892857142857143,108.0,2.892857142857143,110.0,0.0,-2.0
Marshall,offense,58.0,31.0,1.8709677419354838,85.0,1.8709677419354838,84.0,0.0,1.0
Maryland,defense,72.0,30.0,2.4,84.0,2.4,86.0,0.0,-2.0
Maryland,offense,67.0,33.0,2.0303030303030303,79.0,2.0303030303030303,75.0,0.0,4.0
Massachusetts,defense,27.0,20.0,1.35,19.0,1.35,23.0,0.0,-4.0
Massachusetts,offense,65.0,20.0,3.25,13.0,3.25,13.0,0.0,0.0
Memphis,defense,76.0,35.0,2.1714285714285713,67.0,2.1714285714285713,71.0,0.0,-4.0
Memphis,offense,79.0,35.0,2.257142857142857,66.0,2.875,30.0,-0.6178571428571429,36.0
Miami,defense,29.0,25.0,1.16,10.0,1.2777777777777777,20.0,-0.11777777777777776,-10.0
Miami,offense,101.0,27.0,3.740740740740741,7.0,3.3157894736842106,12.0,0.4249512670565303,-5.0
Miami (OH),defense,107.0,34.0,3.1470588235294117,122.0,3.1470588235294117,123.0,0.0,-1.0
Miami (OH),offense,62.0,30.0,2.066666666666667,74.0,1.9,82.0,0.16666666666666696,-8.0
Michigan,defense,49.0,41.0,1.1951219512195121,11.0,1.1951219512195121,15.0,0.0,-4.0
Michigan,offense,87.0,40.0,2.175,67.0,2.175,65.0,0.0,2.0
Michigan State,defense,85.0,38.0,2.236842105263158,74.0,1.9285714285714286,60.0,0.30827067669172936,14.0
Michigan State,offense,88.0,38.0,2.3157894736842106,64.0,2.3157894736842106,62.0,0.0,2.0
Middle Tennessee,defense,71.0,32.0,2.21875,73.0,2.21875,77.0,0.0,-4.0
Middle Tennessee,offense,56.0,30.0,1.8666666666666667,86.0,1.6842105263157894,91.0,0.18245614035087732,-5.0
Minnesota,defense,62.0,32.0,1.9375,57.0,1.9375,61.0,0.0,-4.0
Minnesota,offense,67.0,33.0,2.0303030303030303,79.0,2.0303030303030303,75.0,0.0,4.0
Mississippi State,defense,67.0,40.0,1.675,36.0,1.675,38.0,0.0,-2.0
Mississippi State,offense,151.0,41.0,3.682926829268293,8.0,3.682926829268293,7.0,0.0,1.0
Missouri,defense,62.0,38.0,1.631578947368421,31.0,1.631578947368421,34.0,0.0,-3.0
Missouri,offense,82.0,39.0,2.1025641025641026,71.0,2.1025641025641026,69.0,0.0,2.0
Missouri State,defense,102.0,31.0,3.2903225806451615,125.0,3.2903225806451615,127.0,0.0,-2.0
Missouri State,offense,41.0,27.0,1.5185185185185186,103.0,1.5185185185185186,103.0,0.0,0.0
NC State,defense,93.0,36.0,2.5833333333333335,92.0,2.5833333333333335,95.0,0.0,-3.0
NC State,offense,77.0,37.0,2.081081081081081,73.0,2.081081081081081,70.0,0.0,3.0
Navy,defense,62.0,23.0,2.6956521739130435,102.0,2.1818181818181817,73.0,0.5138339920948618,29.0
Navy,offense,47.0,23.0,2.0434782608695654,77.0,2.0434782608695654,73.0,0.0,4.0
Nebraska,defense,34.0,27.0,1.2592592592592593,16.0,1.2592592592592593,19.0,0.0,-3.0
Nebraska,offense,115.0,28.0,4.107142857142857,4.0,4.666666666666667,1.0,-0.5595238095238102,3.0
Nevada,defense,58.0,31.0,1.8709677419354838,53.0,1.7,40.0,0.1709677419354838,13.0
Nevada,offense,89.0,30.0,2.966666666666667,27.0,2.966666666666667,26.0,0.0,1.0
New Mexico,defense,19.0,26.0,0.7307692307692307,4.0,0.7307692307692307,6.0,0.0,-2.0
New Mexico,offense,66.0,26.0,2.5384615384615383,48.0,2.5384615384615383,47.0,0.0,1.0
New Mexico State,defense,90.0,30.0,3.0,116.0,3.0,117.0,0.0,-1.0
New Mexico State,offense,35.0,31.0,1.1290322580645162,125.0,1.1290322580645162,124.0,0.0,1.0
North Carolina,defense,38.0,23.0,1.6521739130434783,34.0,1.6521739130434783,37.0,0.0,-3.0
North Carolina,offense,33.0,22.0,1.5,104.0,1.5,104.0,0.0,0.0
North Dakota State,defense,49.0,32.0,1.53125,28.0,0.7727272727272727,7.0,0.7585227272727273,21.0
North Dakota State,offense,88.0,33.0,2.6666666666666665,41.0,2.272727272727273,64.0,0.3939393939393936,-23.0
North Texas,defense,100.0,29.0,3.4482758620689653,128.0,3.4482758620689653,130.0,0.0,-2.0
North Texas,offense,85.0,28.0,3.0357142857142856,21.0,3.0357142857142856,21.0,0.0,0.0
Northern Illinois,defense,96.0,29.0,3.310344827586207,126.0,3.310344827586207,128.0,0.0,-2.0
Northern Illinois,offense,24.0,30.0,0.8,133.0,0.8,132.0,0.0,1.0
Northwestern,defense,34.0,20.0,1.7,40.0,1.7,40.0,0.0,0.0
Northwestern,offense,61.0,20.0,3.05,20.0,3.05,20.0,0.0,0.0
Notre Dame,defense,23.0,33.0,0.696969696969697,3.0,0.696969696969697,5.0,0.0,-2.0
Notre Dame,offense,141.0,32.0,4.40625,3.0,3.6923076923076925,6.0,0.7139423076923075,-3.0
Ohio,defense,114.0,29.0,3.9310344827586206,131.0,3.9310344827586206,133.0,0.0,-2.0
Ohio,offense,74.0,29.0,2.5517241379310347,47.0,2.5517241379310347,46.0,0.0,1.0
Ohio State,defense,46.0,34.0,1.3529411764705883,20.0,1.3529411764705883,24.0,0.0,-4.0
Ohio State,offense,165.0,35.0,4.714285714285714,1.0,3.7857142857142856,5.0,0.9285714285714288,-4.0
Oklahoma,defense,53.0,39.0,1.358974358974359,21.0,1.358974358974359,25.0,0.0,-4.0
Oklahoma,offense,64.0,39.0,1.641025641025641,94.0,1.641025641025641,94.0,0.0,0.0
Oklahoma State,defense,72.0,36.0,2.0,61.0,2.0,66.0,0.0,-5.0
Oklahoma State,offense,90.0,39.0,2.3076923076923075,65.0,2.3076923076923075,63.0,0.0,2.0
Old Dominion,defense,96.0,38.0,2.526315789473684,90.0,2.1739130434782608,72.0,0.3524027459954233,18.0
Old Dominion,offense,55.0,39.0,1.4102564102564104,108.0,1.4615384615384615,108.0,-0.0512820512820511,0.0
Ole Miss,defense,120.0,43.0,2.7906976744186047,107.0,2.8333333333333335,109.0,-0.04263565891472876,-2.0
Ole Miss,offense,139.0,44.0,3.159090909090909,14.0,3.159090909090909,14.0,0.0,0.0
Oregon,defense,92.0,38.0,2.4210526315789473,86.0,2.4210526315789473,87.0,0.0,-1.0
Oregon,offense,99.0,36.0,2.75,37.0,2.8260869565217392,31.0,-0.07608695652173925,6.0
Oregon State,defense,74.0,34.0,2.176470588235294,68.0,1.9047619047619047,55.0,0.2717086834733893,13.0
Oregon State,offense,77.0,36.0,2.138888888888889,69.0,2.138888888888889,67.0,0.0,2.0
Penn State,defense,39.0,40.0,0.975,6.0,0.975,10.0,0.0,-4.0
Penn State,offense,119.0,40.0,2.975,26.0,2.975,25.0,0.0,1.0
Pittsburgh,defense,34.0,32.0,1.0625,8.0,1.4210526315789473,28.0,-0.35855263157894735,-20.0
Pittsburgh,offense,89.0,32.0,2.78125,33.0,2.78125,34.0,0.0,-1.0
Purdue,defense,125.0,25.0,5.0,138.0,4.833333333333333,137.0,0.16666666666666696,1.0
Purdue,offense,74.0,27.0,2.740740740740741,38.0,2.0,77.0,0.7407407407407409,-39.0
Rice,defense,111.0,27.0,4.111111111111111,132.0,3.142857142857143,122.0,0.9682539682539679,10.0
Rice,offense,45.0,28.0,1.6071428571428572,98.0,1.6071428571428572,98.0,0.0,0.0
Rutgers,defense,100.0,33.0,3.0303030303030303,117.0,3.0303030303030303,118.0,0.0,-1.0
Rutgers,offense,77.0,33.0,2.3333333333333335,63.0,2.3333333333333335,60.0,0.0,3.0
SMU,defense,81.0,35.0,2.3142857142857145,79.0,2.3142857142857145,82.0,0.0,-3.0
SMU,offense,92.0,36.0,2.5555555555555554,46.0,2.5555555555555554,45.0,0.0,1.0
Sacramento State,defense,119.0,41.0,2.902439024390244,110.0,2.902439024390244,112.0,0.0,-2.0
Sacramento State,offense,26.0,39.0,0.6666666666666666,135.0,0.6666666666666666,134.0,0.0,1.0
Sam Houston,defense,75.0,36.0,2.0833333333333335,65.0,2.0833333333333335,70.0,0.0,-5.0
Sam Houston,offense,52.0,38.0,1.368421052631579,111.0,1.368421052631579,111.0,0.0,0.0
San Diego State,defense,85.0,36.0,2.361111111111111,80.0,2.361111111111111,83.0,0.0,-3.0
San Diego State,offense,39.0,36.0,1.0833333333333333,126.0,1.0833333333333333,125.0,0.0,1.0
San José State,defense,82.0,40.0,2.05,64.0,2.05,69.0,0.0,-5.0
San José State,offense,63.0,41.0,1.5365853658536586,102.0,1.5365853658536586,102.0,0.0,0.0
South Alabama,defense,109.0,34.0,3.2058823529411766,123.0,3.2058823529411766,124.0,0.0,-1.0
South Alabama,offense,86.0,34.0,2.5294117647058822,49.0,2.5294117647058822,48.0,0.0,1.0
South Carolina,defense,83.0,30.0,2.7666666666666666,105.0,2.7666666666666666,108.0,0.0,-3.0
South Carolina,offense,88.0,30.0,2.933333333333333,29.0,2.933333333333333,28.0,0.0,1.0
South Florida,defense,36.0,29.0,1.2413793103448276,14.0,0.6,4.0,0.6413793103448276,10.0
South Florida,offense,61.0,30.0,2.033333333333333,78.0,2.033333333333333,74.0,0.0,4.0
Southern Miss,defense,91.0,34.0,2.676470588235294,99.0,2.676470588235294,102.0,0.0,-3.0
Southern Miss,offense,42.0,32.0,1.3125,116.0,1.3125,116.0,0.0,0.0
Stanford,defense,127.0,43.0,2.953488372093023,114.0,2.5428571428571427,93.0,0.41063122923588047,21.0
Stanford,offense,84.0,40.0,2.1,72.0,2.05,72.0,0.050000000000000266,0.0
Syracuse,defense,41.0,22.0,1.8636363636363635,51.0,1.8636363636363635,52.0,0.0,-1.0
Syracuse,offense,31.0,23.0,1.3478260869565217,112.0,1.3478260869565217,112.0,0.0,0.0
TCU,defense,41.0,31.0,1.3225806451612903,17.0,1.3225806451612903,21.0,0.0,-4.0
TCU,offense,54.0,32.0,1.6875,92.0,1.6875,90.0,0.0,2.0
Temple,defense,90.0,29.0,3.103448275862069,121.0,3.103448275862069,121.0,0.0,0.0
Temple,offense,68.0,28.0,2.4285714285714284,56.0,2.4285714285714284,54.0,0.0,2.0
Tennessee,defense,43.0,32.0,1.34375,18.0,1.34375,22.0,0.0,-4.0
Tennessee,offense,83.0,32.0,2.59375,44.0,2.59375,43.0,0.0,1.0
Texas,defense,46.0,42.0,1.0952380952380953,9.0,1.0952380952380953,13.0,0.0,-4.0
Texas,offense,109.0,41.0,2.658536585365854,42.0,2.658536585365854,41.0,0.0,1.0
Texas A&M,defense,86.0,42.0,2.0476190476190474,63.0,2.0476190476190474,68.0,0.0,-5.0
Texas A&M,offense,99.0,42.0,2.357142857142857,60.0,2.357142857142857,57.0,0.0,3.0
Texas State,defense,100.0,28.0,3.5714285714285716,129.0,3.5714285714285716,131.0,0.0,-2.0
Texas State,offense,82.0,31.0,2.6451612903225805,43.0,2.6451612903225805,42.0,0.0,1.0
Texas Tech,defense,64.0,40.0,1.6,30.0,1.6,33.0,0.0,-3.0
Texas Tech,offense,90.0,36.0,2.5,52.0,2.4347826086956523,53.0,0.06521739130434767,-1.0
Toledo,defense,88.0,34.0,2.588235294117647,93.0,2.588235294117647,96.0,0.0,-3.0
Toledo,offense,96.0,32.0,3.0,24.0,3.0,24.0,0.0,0.0
Troy,defense,62.0,38.0,1.631578947368421,31.0,1.631578947368421,34.0,0.0,-3.0
Troy,offense,51.0,38.0,1.3421052631578947,113.0,1.3421052631578947,113.0,0.0,0.0
Tulane,defense,93.0,47.0,1.9787234042553192,60.0,1.9787234042553192,65.0,0.0,-5.0
Tulane,offense,75.0,46.0,1.6304347826086956,95.0,1.6304347826086956,95.0,0.0,0.0
Tulsa,defense,61.0,34.0,1.7941176470588236,46.0,1.7941176470588236,48.0,0.0,-2.0
Tulsa,offense,53.0,33.0,1.606060606060606,99.0,1.606060606060606,99.0,0.0,0.0
UAB,defense,96.0,42.0,2.2857142857142856,77.0,2.2857142857142856,80.0,0.0,-3.0
UAB,offense,80.0,40.0,2.0,81.0,2.0,77.0,0.0,4.0
UCF,defense,53.0,36.0,1.4722222222222223,26.0,1.4722222222222223,31.0,0.0,-5.0
UCF,offense,72.0,35.0,2.057142857142857,75.0,2.9545454545454546,27.0,-0.8974025974025976,48.0
UCLA,defense,75.0,49.0,1.530612244897959,27.0,1.530612244897959,32.0,0.0,-5.0
UCLA,offense,148.0,48.0,3.0833333333333335,19.0,3.0833333333333335,19.0,0.0,0.0
UConn,defense,75.0,31.0,2.4193548387096775,85.0,2.4285714285714284,89.0,-0.00921658986175089,-4.0
UConn,offense,68.0,32.0,2.125,70.0,2.125,68.0,0.0,2.0
UL Monroe,defense,105.0,25.0,4.2,134.0,4.2,134.0,0.0,0.0
UL Monroe,offense,40.0,27.0,1.4814814814814814,106.0,1.4814814814814814,106.0,0.0,0.0
UNLV,defense,77.0,42.0,1.8333333333333333,49.0,1.8333333333333333,50.0,0.0,-1.0
UNLV,offense,79.0,43.0,1.8372093023255813,87.0,1.8372093023255813,85.0,0.0,2.0
USC,defense,132.0,49.0,2.693877551020408,101.0,2.693877551020408,104.0,0.0,-3.0
USC,offense,192.0,47.0,4.085106382978723,5.0,3.586206896551724,10.0,0.4988994864269989,-5.0
UTEP,defense,105.0,25.0,4.2,134.0,4.2,134.0,0.0,0.0
UTEP,offense,21.0,26.0,0.8076923076923077,132.0,0.8076923076923077,131.0,0.0,1.0
UTSA,defense,94.0,36.0,2.611111111111111,94.0,2.611111111111111,97.0,0.0,-3.0
UTSA,offense,88.0,35.0,2.5142857142857142,51.0,2.5142857142857142,50.0,0.0,1.0
Utah,defense,14.0,29.0,0.4827586206896552,1.0,0.4827586206896552,2.0,0.0,-1.0
Utah,offense,106.0,29.0,3.6551724137931036,10.0,4.166666666666667,3.0,-0.5114942528735633,7.0
Utah State,defense,59.0,33.0,1.7878787878787878,44.0,1.7878787878787878,46.0,0.0,-2.0
Utah State,offense,35.0,34.0,1.0294117647058822,127.0,1.0294117647058822,126.0,0.0,1.0
Vanderbilt,defense,64.0,36.0,1.7777777777777777,43.0,1.7777777777777777,45.0,0.0,-2.0
Vanderbilt,offense,72.0,36.0,2.0,81.0,2.0,77.0,0.0,4.0
Virginia,defense,47.0,33.0,1.4242424242424243,24.0,1.4242424242424243,29.0,0.0,-5.0
Virginia,offense,96.0,34.0,2.823529411764706,31.0,2.823529411764706,32.0,0.0,-1.0
Virginia Tech,defense,58.0,33.0,1.7575757575757576,42.0,1.7575757575757576,43.0,0.0,-1.0
Virginia Tech,offense,93.0,32.0,2.90625,30.0,2.90625,29.0,0.0,1.0
Wake Forest,defense,100.0,42.0,2.380952380952381,83.0,1.8823529411764706,54.0,0.49859943977591037,29.0
Wake Forest,offense,126.0,40.0,3.15,15.0,2.6666666666666665,40.0,0.4833333333333334,-25.0
Washington,defense,51.0,36.0,1.4166666666666667,23.0,1.4166666666666667,27.0,0.0,-4.0
Washington,offense,64.0,37.0,1.7297297297297298,91.0,1.7297297297297298,89.0,0.0,2.0
Washington State,defense,92.0,35.0,2.6285714285714286,96.0,2.6285714285714286,99.0,0.0,-3.0
Washington State,offense,27.0,31.0,0.8709677419354839,131.0,0.8709677419354839,130.0,0.0,1.0
West Virginia,defense,92.0,38.0,2.4210526315789473,86.0,2.4210526315789473,87.0,0.0,-1.0
West Virginia,offense,89.0,38.0,2.3421052631578947,61.0,2.3421052631578947,58.0,0.0,3.0
Western Kentucky,defense,122.0,29.0,4.206896551724138,136.0,4.206896551724138,136.0,0.0,0.0
Western Kentucky,offense,13.0,28.0,0.4642857142857143,138.0,0.4642857142857143,137.0,0.0,1.0
Western Michigan,defense,66.0,29.0,2.2758620689655173,76.0,2.2758620689655173,79.0,0.0,-3.0
Western Michigan,offense,47.0,29.0,1.6206896551724137,96.0,1.6206896551724137,96.0,0.0,0.0
Wisconsin,defense,57.0,33.0,1.7272727272727273,41.0,1.7272727272727273,42.0,0.0,-1.0
Wisconsin,offense,90.0,30.0,3.0,24.0,1.6818181818181819,92.0,1.3181818181818181,-68.0
Wyoming,defense,68.0,28.0,2.4285714285714284,88.0,2.4285714285714284,89.0,0.0,-1.0
Wyoming,offense,50.0,28.0,1.7857142857142858,89.0,1.7857142857142858,87.0,0.0,2.0
