game_id,week,drive_number,play_number,offense,play_type,quarter,down,yards_to_goal,yards_gained,raw_text
401856660,1,14,4,LSU,Rush,2,2,0,0,S. Leavitt run for 0 yds
401856661,1,11,13,Ole Miss,Pass Reception,2,3,0,5,"No Huddle-Shotgun #6 T.Chambliss pass complete short left to #11 H.Fields caught at Lou36, for 5 yards to the Lou35 (#27 M.Norwood), out of bounds. The previous play is under automatic review - ""Short of the line to gain"". CALL UPHELD"
401856668,1,6,13,Texas A&M,Safety,1,0,0,0,Team Safety
401856671,2,11,5,Auburn,Pass Reception,2,1,40,45,"(08:08) No Huddle-Shotgun #17 B.Brown pass complete deep middle to #4 J.Koger caught at USM21, for 45 yards to the USM15 (#1 C.Lewis), out of bounds, 1ST DOWN"
401856673,2,1,1,Georgia,Fumble Recovery (Opponent),1,0,0,0,"(15:00) #91 P.Woodring kickoff 65 yards to the WKU00 #30 A.Boyd return 18 yards to the WKU18 fumbled by #30 A.Boyd at WKU18 forced by #13 A.Kruah recovered by UGA #8 D.Jones at WKU18, End Of Play"
401856674,2,5,13,Kentucky,Fumble,1,4,0,0,"W. Rodriguez fumbled, forced by K. Sabb"
401856674,2,6,9,Alabama,Rush,2,1,12,12,"(11:50) No Huddle-Shotgun #12 K.Russell rush left for 12 yards gain to the UK00  nullified by penalty, clock 11:42 PENALTY ALA Holding offsetting UK Holding offsetting. NO PLAY"
401856678,2,12,6,Kansas,Rush,2,3,0,0,(00:07) Kneel down by #8 I.Marshall at KU10 for loss of 0 yards
401856679,2,2,5,Michigan,Rush,1,2,0,3,(10:34) Shotgun #19 B.Underwood rush right for 3 yards gain to the UOM35 (#25 M.Boganowski)
401856682,2,21,14,Texas,Fumble Recovery (Own),4,2,0,0,"(00:53) #2 H.Smothers rush middle for 0 yards to the OSU01 fumbled by #2 H.Smothers at OSU01 forced by #94 J.Moore recovered by TEX #0 R.Brown at OSU01, End Of Play. The previous play is under automatic review - ""Short of the goal line"". CALL UPHELD"
401856685,3,9,4,Alabama,Pass Reception,2,2,0,0,K. Russell pass to L. Brooks
401856685,3,14,1,Alabama,Fumble Recovery (Own),2,0,65,0,"(00:22) #31 C.Talty kickoff 41 yards to the FSU24 #75 S.Poret return 0 yards to the FSU24 fumbled by #75 S.Poret at FSU24 recovered by FSU #75 S.Poret at FSU24, End Of Play"
401856685,3,16,9,Alabama,Pass Incompletion,3,1,0,0,(06:17) Shotgun #12 K.Russell pass incomplete short right thrown to FSU18 QB hurried by #1 D.Desir PENALTY FSU Holding offsetting ALA Holding offsetting. NO PLAY
401856688,3,8,9,LSU,Pass Reception,2,1,0,1,"(06:30) No Huddle-Shotgun #10 S.Leavitt pass complete short right to #13 D.Jones caught at OM50, for 1 yard to the OM48 (#7 S.Denson)"
401856688,3,19,18,LSU,Interception,4,4,6,0,"(01:02) Shotgun #10 S.Leavitt pass intercepted by #2 J.Braxton at OM00 broken up by #5 K.Franklin, Touchback"
401856689,3,7,3,Troy,Pass Incompletion,2,2,80,-20,(10:34) No Huddle #9 G.Crowder pass incomplete short left to #4 N.White thrown to TROY29 broken up by #1 C.Graves Jr.
401856689,3,22,3,Missouri,Pass Reception,4,2,0,0,"(09:34) No Huddle-Shotgun #13 A.Simmons pass complete short left to #19 C.Lee caught at MIZZOU49, for 0 yards to the TROY48 (#6 J.Powe) PENALTY MIZZOU Illegal Block in Back offsetting TROY Face Mask offsetting. NO PLAY"
401856690,3,15,8,New Mexico,Rush,3,2,0,0,(04:14) Shotgun #13 T.Fa'avae rush middle for 6 yards gain to the OU43 (#44 T.Wein; #38 O.Heinecke) PENALTY UNM Holding offsetting OU Personal Foul offsetting. NO PLAY
401856692,3,10,5,Kennesaw State,Fumble Recovery (Opponent),2,2,49,0,"(01:14) No Huddle-Shotgun #1 R.Collins rush middle for 6 yards loss to the KSU45 fumbled by #1 R.Collins at KSU45 recovered by TENN #18 T.Weathersby at KSU45, End Of Play"
401856694,3,21,1,Kentucky,Rush,4,1,0,0,(00:53) Kneel down by #3 K.Minchey at TAMU27 for loss of 0 yards
401856695,3,6,5,Vanderbilt,Fumble Recovery (Opponent),2,1,34,0,"(13:03) Shotgun #2 J.Curtis rush middle for 2 yards gain to the NCS32 fumbled by #2 J.Curtis at NCS33 forced by #0 P.Aguirre recovered by NCS #47 A.Farrow at NCS32, End Of Play"
401856697,4,9,2,Arkansas,Rush,2,2,0,3,(03:42) No Huddle-Shotgun #7 K.Jackson rush right for 3 yards gain to the ARK47 (#27 Z.Woodham)
401856697,4,18,6,Tulsa,Fumble Recovery (Opponent),3,1,44,0,"(04:08) No Huddle-Shotgun #5 D.Williams II rush middle for 2 yards gain to the ARK42 fumbled by #5 D.Williams II at ARK44 forced by #55 A.Sandel Bascomb recovered by ARK #44 B.Bogle at ARK42, End Of Play. The previous play is under automatic review - ""Fumble"". CALL UPHELD"
401856703,4,21,4,Mississippi State,Pass Reception,4,1,26,48,"(04:54) No Huddle-Shotgun #1 K.Taylor pass complete deep left to #3 A.Evans III caught at Mizzou28, for 48 yards to the Mizzou26, End Of Play, 1ST DOWN"
401856704,4,25,1,Tennessee,Fumble Recovery (Opponent),4,0,65,0,"(01:22) #98 J.Ross kickoff 12 yards to the TENN47 Texas return for loss of 2 yards to the TENN49 fumbled by Texas at TENN49 recovered by TENN #7 A.Carter at TENN49, End Of Play"
401856776,1,2,10,Georgia Tech,Pass Incompletion,1,3,0,0,"(06:52) Shotgun #15 A.Mendoza pass incomplete short right to #4 J.Allen thrown to CU 05. The previous play is under automatic review - ""Incomplete pass"". CALL UPHELD"
401856776,1,18,7,Colorado,Pass Incompletion,4,2,0,0,(14:41) No Huddle-Shotgun #10 J.Lewis pass incomplete deep left to #3 D.Moore Jr. thrown to GT 18 PENALTY CU  Ineligible Downfield on Pass offsetting GT  Roughing The Passer offsetting. NO PLAY
401856777,1,9,16,Boston College,Pass Incompletion,2,2,0,0,"Shotgun #10 M.McKenzie pass incomplete short middle to #86 D.Edgehille thrown to CIN03 broken up by #3 A.Peek Jr.. The previous play is under automatic review - ""Incomplete pass"". CALL UPHELD"
401856777,1,23,2,Cincinnati,Rush,4,1,0,0,Kneel down by #4 J.French IV at BCE40 for loss of 0 yards
401856782,2,22,15,Oklahoma State,Fumble Recovery (Opponent),4,0,3,0,#24 C.Hawkins rush attempt failed
401856790,2,1,1,UCF,Fumble Recovery (Own),1,0,0,8,(15:00) #15 W.Stone kickoff 65 yards to the Pitt00 #24 T.Robinson return 8 yards to the Pitt00 fumbled by #24 T.Robinson at Pitt00 recovered by Pitt #24 T.Robinson at Pitt08 (#19 R.Henry)
401856792,3,19,10,Kansas State,Rush,4,1,0,-2,(01:59) Kneel down by Kansas State at TULANE18 for loss of 2 yards
401856796,3,4,2,Colorado,Fumble Recovery (Opponent),1,1,55,0,"(05:00) No Huddle-Shotgun #29 M.Welch rush middle for 1 yard loss to the CU44 fumbled by #29 M.Welch at CU46 forced by #47 M.Kilbane recovered by NU #6 R.Fitzgerald at CU44, End Of Play"
401856796,3,6,10,Colorado,Fumble Recovery (Opponent),2,3,17,0,"(12:44) No Huddle #26 D.Henderson II rush left for 3 yards loss to the NU20 fumbled by #26 D.Henderson II at NU20 recovered by NU #33 B.Brus at NU20, End Of Play"
401856798,3,11,8,Bowling Green,Fumble Recovery (Opponent),2,2,44,0,"(12:17) Shotgun #17 J.Kastantin rush middle for 0 yards to the ISU44 fumbled by #17 J.Kastantin at ISU44 forced by #93 J.Janikowski recovered by ISU #7 S.Schlimgen at ISU44, End Of Play"
401856800,3,22,1,UCF,Rush,4,1,0,0,T. Swint run for 0 yds
401856800,3,25,12,Georgia State,Interception,4,4,0,0,"(00:01) No Huddle-Shotgun #2 A.Pereira pass intercepted by #8 D.Henderson at UCF00, Touchback"
401856801,3,15,5,Utah,Fumble Recovery (Opponent),3,3,75,0,"(09:25) No Huddle-Shotgun #4 D.Dampier rush middle for 3 yards gain to the UTA28 fumbled by #4 D.Dampier at UTA27 forced by #9 T.Morris recovered by USU #14 B.Olevao Jr. at UTA28, End Of Play"
401856801,3,16,7,Utah State,Interception,3,3,8,0,"(07:12) No Huddle-Shotgun #9 G.Brosterhous pass intercepted by #1 R.Evans at UTA00, Touchback"
401856805,4,12,7,Texas Tech,Interception,2,1,13,0,"(05:17) Shotgun #15 W.Hammond pass intercepted by #15 C.Franklin at SAM00, Touchback"
401856805,4,19,1,Sam Houston,Fumble Recovery (Own),3,0,65,45,(15:00) #81 N.Ottomanelli kickoff 50 yards to the TTU15 #20 J.Williams return 45 yards to the SAM40 fumbled by #20 J.Williams at SAM40 recovered by TTU #20 J.Williams at SAM40 (#2 J.Cottrell)
401856805,4,24,8,Sam Houston,Fumble Recovery (Opponent),4,4,83,0,"(14:57) #31 C.Joseph punt 46 yards to the TTU37 #11 M.Simmons return 10 yards to the TTU47 fumbled by #11 M.Simmons at TTU47 forced by #88 T.Guillory II recovered by SAM #26 T.Gordon at TTU47, End Of Play. The previous play is under automatic review - ""Fumble"". CALL UPHELD"
401856812,3,5,8,Kansas,Fumble Recovery (Opponent),2,2,31,0,"(12:55) Shotgun #6 Y.Willis rush middle for 0 yards to the ASU31 fumbled by #6 Y.Willis at ASU31 forced by #6 A.Wilson recovered by ASU #22 O.Long at ASU31, End Of Play"
401856812,3,22,8,Kansas,Fumble Recovery (Opponent),4,1,22,0,Shotgun #1 D.Edwards rush right for 1 yard gain to the ASU21 fumbled by #1 D.Edwards at ASU22 forced by #22 O.Long recovered by ASU #90 H.Vaeono at ASU21 #90 H.Vaeono return 77 yards to the KU02 (#85 C.Moses)
401856813,4,8,1,Colorado,Pass Reception,2,1,0,15,"(10:29) No Huddle-Shotgun #10 J.Lewis pass complete short left to #8 J.Williams caught at COLO23, for 15 yards to the COLO40 (#11 D.Turner), out of bounds, 1ST DOWN"
401856813,4,22,3,Baylor,Pass Reception,3,2,0,34,"(02:07) No Huddle-Shotgun #2 D.Lagway pass complete deep right to #15 J.McGowan caught at BAYLOR48, for 34 yards to the BAYLOR49, out of bounds at BAYLOR49, 1ST DOWN. The previous play is under automatic review - ""Pass completion"". CALL UPHELD"
401856814,4,10,6,Kansas State,Pass Reception,2,1,0,0,Av. Johnson pass to B. White
401856814,4,17,6,Cincinnati,Fumble,3,1,0,0,"(02:32) No Huddle-Shotgun #13 Z.Johnson rush middle for 1 yard gain to the KSU16 (#4 M.Mason). The previous play is under automatic review - ""Fumble"". CALL OVERTURNED. (Original Play: (02:32) No Huddle-Shotgun #13 Z.Johnson rush middle for 1 yard gain to the KSU16 (#4 M.Mason))"
401856814,4,17,7,Cincinnati,Fumble Recovery (Opponent),3,1,17,0,"(02:32) No Huddle-Shotgun #13 Z.Johnson rush right for 0 yards to the KSU17 fumbled by #13 Z.Johnson at KSU16 forced by #4 M.Mason recovered by KSU #9 D.McIntosh at KSU17, End Of Play. The previous play is under automatic review. CALL OVERTURNED. (Original Play: #13 Z.Johnson rush middle for 1 yard gain to the KSU16)"
401856815,4,21,1,TCU,Fumble Recovery (Opponent),4,1,80,0,"(00:06) No Huddle-Shotgun #1 J.Craig pass complete short middle to #26 J.Payne caught at TCU24, for 4 yards to the TCU24 lateral to #18 E.Small for 0 yards to the TCU24 fumbled by #18 E.Small at TCU24 recovered by UCF #99 T.Collins at TCU24, End Of Play"
401856816,4,10,8,Iowa State,Pass Incompletion,2,1,0,0,"(00:32) No Huddle-Shotgun #1 J.Raynor pass incomplete deep right to #9 O.Hayes thrown to Utah30, 1ST DOWN, PENALTY Utah Pass Interference (#23 J.Bennee) 14 yards from ISU49 to Utah37, 1ST DOWN. NO PLAY"
401856816,4,13,6,Iowa State,Pass Incompletion,3,1,0,0,"(04:27) Shotgun #1 J.Raynor pass incomplete deep right to #21 A.Flora thrown to Utah40 broken up by #1 R.Evans. The previous play is under automatic review - ""Incomplete pass"". CALL UPHELD"
401856881,4,1,2,West Virginia,Rush,1,1,0,9,(14:59) No Huddle-Shotgun #3 M.Hawkins Jr. rush right for 9 yards gain to the WVU34 (#7 Q.Hammonds; #32 E.Wesloski)
401856881,4,16,3,West Virginia,Pass Reception,3,2,0,22,"(02:20) No Huddle-Shotgun #3 M.Hawkins Jr. pass complete deep left to #4 C.Cook caught at OSU49, for 22 yards to the OSU49, out of bounds at OSU49, 1ST DOWN. The previous play is under automatic review - ""Pass completion"". CALL UPHELD"
401858207,1,2,8,Pittsburgh,Pass Reception,1,1,0,0,M. Heintschel pass to C. Lee
401858210,1,1,5,California,Rush,1,1,0,0,A. Mohammed run for 0 yds
401858216,2,7,4,Syracuse,Pass Reception,2,2,0,38,"(09:20) No Huddle-Shotgun #9 S.Angeli pass complete deep middle to #19 D.Bacheyie caught at CAL23, for 38 yards to the CAL23 (#19 O.Okaka), 1ST DOWN. The previous play is under automatic review - ""Pass completion"". CALL UPHELD"
401858216,2,15,4,Syracuse,Pass Reception,3,1,0,15,"(11:04) No Huddle-Shotgun #9 S.Angeli pass complete short right to #2 U.Hatcher caught at CAL20, for 15 yards to the CAL20, End Of Play, 1ST DOWN"
401858216,2,19,1,Syracuse,Pass Reception,3,1,0,0,S. Angeli pass to D. Johnson
401858221,2,4,2,Old Dominion,Rush,1,1,0,21,"(02:59) Shotgun #3 D.Roche rush middle for 21 yards gain to the ODU46 (#2 J.White), 1ST DOWN"
401858225,3,19,6,Syracuse,Pass Reception,4,2,0,0,A. Odom pass to T. Russell
401858226,3,23,8,Miami,Rush,4,2,0,0,(00:43) Kneel down by #10 D.Mensah at MIA14 for loss of 0 yards
401858229,3,5,3,Clemson,Fumble Recovery (Opponent),1,2,74,0,"(01:37) No Huddle-Shotgun #21 J.Green rush middle for 1 yard loss to the CLEM25 fumbled by #21 J.Green at CLEM25 forced by #1 G.Smith III recovered by UNC #11 J.Harvey at CLEM25, End Of Play"
401858229,3,14,1,North Carolina,Fumble Recovery (Opponent),3,1,98,0,"(11:50) #0 D.June rush middle for 10 yards gain to the UNC12 fumbled by #0 D.June at UNC05 forced by #50 F.Cothran recovered by CLEM #50 F.Cothran at UNC12, End Of Play"
401858231,3,1,8,Duke,Interception,1,4,2,0,"(11:24) Shotgun #2 W.Eget pass intercepted by #6 D.Davis at STAN00, Touchback"
401858232,3,8,3,Maryland,Pass Incompletion,2,2,0,0,(03:18) No Huddle-Shotgun #7 M.Washington pass incomplete short left to #2 K.Webb thrown to VA18 PENALTY VA UNR: Unnecessary Roughness offsetting UMD UNS: Unsportsmanlike Conduct offsetting. NO PLAY
401858234,4,5,2,Clemson,Fumble Recovery (Opponent),1,1,61,0,"T. Reynolds sacked  by A. Manutai for -4 yds, K. Mothudi fumbled,  returned for a TD (C. Meyer KICK)"
401858238,4,6,4,Central Michigan,Fumble Recovery (Opponent),2,3,69,0,"(11:22) Shotgun Central Mich. rush middle for 4 yards loss to the CMU27 fumbled by Central Mich. at CMU31 recovered by CANES #25 J.Dunnigan at CMU27, End Of Play"
401858238,4,11,9,Miami,Pass Reception,2,1,0,35,"(00:27) No Huddle-Shotgun #10 D.Mensah pass complete deep right to #1 M.Toney caught at CMU07, for 35 yards to the CMU01 (#14 J.Taylor), 1ST DOWN, PENALTY CMU Holding declined. The previous play is under automatic review - ""Runner was out of bounds"". CALL UPHELD"
401858238,4,13,10,Central Michigan,Fumble Recovery (Own),3,3,29,13,"Shotgun #5 J.Glasser sacked for loss of 8 yards to the CANES37 (#8 M.Lightfoot), fumble by #5 J.Glasser recovered by CANES #10 D.Wilson II at CANES37 #10 D.Wilson II return 13 yards to the CMU00 TOUCHDOWN nullified by penalty, clock 09:42 PENALTY CANES Personal Foul (#8 M.Lightfoot) 15 yards from CANES50 to CANES35"
401858240,4,21,1,Stanford,Rush,4,1,0,0,(00:40) Kneel down by #8 D.Warren at GT23 for loss of 0 yards
401858241,4,1,2,SMU,Pass Reception,1,1,100,36,"(14:53) No Huddle-Shotgun #7 K.Jennings pass complete deep right to #6 K.Raphael caught at SMU25, for 36 yards to the SMU36 (#29 C.Ford; #15 M.Blackmon), out of bounds, 1ST DOWN"
401858243,4,18,5,Wake Forest,Fumble Recovery (Opponent),4,2,79,0,"(14:59) No Huddle-Shotgun #3 G.Lopez pass complete short left to #8 C.Hernandez caught at WFU18, for 8 yards to the WFU29 fumbled by #8 C.Hernandez at WFU29 forced by #23 B.Perry recovered by LOU #99 J.Smith II at WFU29, End Of Play PENALTY LOU UNS: Unsportsmanlike Conduct (#6 S.Clark) 15 yards from WFU29 to WFU44"
401858425,1,12,3,Indiana,Pass Incompletion,3,3,0,0,(05:30) Shotgun #10 J.Hoover pass incomplete short right to #80 C.Becker thrown to IND27
401858433,1,3,2,Boise State,Rush,1,1,0,2,#26 S.Gaines rush middle for 2 yards gain to the BSU04 (#1 B.Alexander; #44 T.Tuioti)
401858433,1,22,4,Oregon,Pass Reception,4,1,0,9,"(08:45) Shotgun #5 D.Moore pass complete short right to #7 E.Stewart caught at ORE33, for 9 yards to the ORE38 (#4 T.Anderson)"
401858436,1,16,1,Fresno State,Fumble Recovery (Own),3,0,80,0,(05:15) #40 R.Kobzeff kickoff 60 yards to the USC20 #6 D.Redeaux return 0 yards to the USC20 fumbled by #6 D.Redeaux at USC20 recovered by USC #6 D.Redeaux at USC20 (#3 J.Carrillo; #40 J.Sutko)
401858437,1,8,1,Washington,Pass Incompletion,2,1,0,0,(12:27) Shotgun #1 D.Williams Jr. pass incomplete short left thrown to WSU21 QB hurried by #52 K.Beatty
401858437,1,17,5,Washington,Rush,3,3,0,7,"(01:08) Shotgun #1 D.Williams Jr. rush middle for 7 yards gain to the WSU38, End Of Play"
401858438,1,12,4,Wisconsin,Pass Reception,2,1,0,4,"(01:26) Shotgun #1 C.Joseph pass complete short right to #0 T.Henry caught at Wis36, for 4 yards to the Wis44 (#34 D.Bowen)"
401858441,2,1,3,Nebraska,Interception,1,1,0,0,"(14:26) No Huddle-Shotgun #10 A.Colandrea pass intercepted by #2 J.Johnson at BG 46, End Of Play. The previous play is under automatic review - ""Interception"". CALL UPHELD"
401858442,2,18,5,Penn State,Rush,4,1,0,0,J. Peoples run for 0 yards
401858443,2,14,1,San Diego State,Rush,3,1,0,14,"(08:05) No Huddle-Shotgun #5 B.Emanuel, Jr. rush left for 14 yards gain to the SDSU38 (#12 M.Hartford), out of bounds, 1ST DOWN"
401858443,2,15,5,UCLA,Pass Incompletion,3,1,0,0,(01:56) Shotgun #9 N.Iamaleava pass incomplete deep middle to #85 B.Loftin thrown to SDSU45
401858450,3,7,1,Michigan,Fumble Recovery (Opponent),2,1,86,0,"(06:12) No Huddle-Shotgun #5 S.Hiter rush middle for 4 yards gain to the U-M18 fumbled by #5 S.Hiter at U-M17 forced by #17 D.Williams recovered by TEP #18 D.Thompson at U-M18, End Of Play"
401858451,3,2,5,Akron,Fumble Recovery (Opponent),1,1,61,0,"(10:48) No Huddle-Shotgun #1 J.Gant rush middle for 5 yards gain to the AKRON44 fumbled by #1 J.Gant at AKRON44 forced by #19 J.Gerlach recovered by MINN #3 T.Bush Jr. at AKRON44, End Of Play"
401858451,3,15,5,Akron,Pass Incompletion,3,3,59,-41,(14:04) No Huddle-Shotgun #6 B.Roggow pass incomplete short middle to #1 J.Gant thrown to AKRON44 QB hurried by #17 J.Nestor and #3 T.Bush Jr.
401858456,3,5,3,Buffalo,Fumble Recovery (Opponent),1,2,74,0,"Shotgun #7 J.Wright rush middle for 6 yards loss to the BUF20 fumbled by #7 J.Wright at BUF23 forced by #10 C.Bacon recovered by PSU #1 I.Ezeogu at BUF20, End Of Play"
401858457,3,15,8,USC,Rush,3,1,0,0,W. Jordan run for 0 yds
401858458,3,4,3,Purdue,Fumble Recovery (Opponent),1,1,57,0,"(08:02) No Huddle-Shotgun #20 T.Terrell Jr. rush middle for 1 yard gain to the PUR44 fumbled by #20 T.Terrell Jr. at PUR44 forced by #10 S.Omosigho recovered by UCLA #15 S.West at PUR44, End Of Play. The previous play is under automatic review - ""Fumble"". CALL UPHELD"
401858458,3,15,2,Purdue,Fumble Recovery (Opponent),3,1,75,0,"(10:23) No Huddle-Shotgun #15 R.Browne pass complete short right to #19 A.Waseem caught at PUR22, for 7 yards to the PUR32 fumbled by #19 A.Waseem at PUR33 forced by #10 S.Omosigho recovered by UCLA #15 S.West at PUR32 #15 S.West return 5 yards to the PUR27 (#68 N.Mafi)"
401858462,4,14,10,UCLA,Pass Incompletion,2,1,42,-58,(00:29) Shotgun #9 N.Iamaleava pass incomplete deep right to #2 B.Rowe Jr. thrown to UMD02 broken up by #4 J.Glasker
401858469,4,19,17,USC,Interception,4,1,32,0,"(00:12) No Huddle-Shotgun #14 J.Maiava pass intercepted by #3 K.Perich at UO00, Touchback"
401860881,2,12,5,Memphis,Rush,2,2,0,13,"(00:29) No Huddle-Shotgun #2 M.Stokes rush right for 13 yards gain to the BOI18, End Of Play, 1ST DOWN"
401860887,3,9,4,James Madison,Fumble Recovery (Opponent),2,2,51,0,"(05:34) No Huddle-Shotgun #6 G.Pettaway rush right for 7 yards gain to the SDSU44 fumbled by #6 G.Pettaway at SDSU44 forced by #29 J.Hunter recovered by SDSU #20 J.McLaughlin at SDSU44, End Of Play"
401860888,3,3,4,Fresno State,Rush,1,1,0,9,"(08:46) Shotgun #6 B.Donelson rush left for 9 yards gain to the FS50 (#14 J.Robertson), out of bounds"
401860888,3,14,5,San José State,Interception,2,1,31,0,"(00:21) No Huddle-Shotgun #3 L.Weaver pass intercepted by #4 E.Tierney at FS00, Touchback"
401860889,3,12,7,North Texas,Fumble Recovery (Opponent),3,1,53,0,"(12:42) No Huddle-Shotgun #2 T.Jackson rush left for 10 yards loss to the UNT37 fumbled by #2 T.Jackson at UNT35 forced by #15 A.Jones recovered by TXST #2 T.Moore at UNT37 #2 T.Moore return 0 yards to the UNT37, End Of Play"
401860889,3,23,1,Texas State,Rush,4,1,0,0,(00:45) Kneel down by #8 B.Jackson at TXST04 for loss of 0 yards
401860893,4,17,3,San Diego State,Fumble Recovery (Opponent),3,2,75,0,(09:15) No Huddle-Shotgun #29 J.Thomas rush middle for 8 yards gain to the SDSU33 fumbled by #29 J.Thomas at SDSU29 forced by #22 N.Thompson recovered by TOLEDO #10 J.Fox at SDSU33 #10 J.Fox return 20 yards to the SDSU13 (#88 R.Wolfer)
401860894,4,18,6,Troy,Rush,3,2,0,0,G. Crowder run for 0 yds
401860895,4,17,14,UTEP,Interception,4,2,19,0,"(10:35) No Huddle-Shotgun #1 E.Colson Jr. pass intercepted by #4 T.Crandall at OSU00, Touchback"
401860896,4,28,1,UTSA,Rush,4,1,0,0,Kneel down by #2 O.McCown at UTSA49 for loss of 0 yards
401861963,3,10,12,Southern Miss,Pass Reception,2,4,41,12,"(04:34) No Huddle #36 D.Zimmer pass complete short middle to #88 J.Beck caught at CONN29, for 12 yards to the CONN29, End Of Play PENALTY CONN Roughing The Passer (#10 J.Davis) 14 yards from CONN29 to CONN15, 1ST DOWN"
401861963,3,15,8,UConn,Rush,3,3,0,3,"(09:12) #6 T.Cornist rush middle for 3 yards gain to the USM04 (#13 M.Haygood; #95 J.Johnson), 1ST DOWN. The previous play is under automatic review - ""First down"". CALL UPHELD"
401861970,4,4,3,Miami (OH),Pass Reception,1,2,0,-4,"(05:37) Shotgun #16 D.McComb pass complete short left to #10 L.Billups-Williams caught at MIA26, for 4 yards loss to the MIA23 (#6 R.Dorilas)"
401861970,4,5,1,UConn,Fumble Recovery (Opponent),2,1,73,0,"(14:59) No Huddle-Shotgun #7 K.Osborne sacked for loss of 8 yards to the CON35 (#20 Z.Scott), fumble by #7 K.Osborne recovered by MIA #0 A.Knighten at CON35 #0 A.Knighten return 5 yards to the CON38 fumbled by #0 A.Knighten at CON38 forced by #8 Z.Lang recovered by CON #8 Z.Lang at CON30, End Of Play"
401862703,2,11,8,Florida Atlantic,Pass Reception,2,1,0,5,"(07:07) No Huddle-Shotgun #10 C.Veltkamp pass complete deep right to #2 K.Valsin caught at Navy00, for 5 yards to the Navy34, out of bounds at Navy34"
401862703,2,19,2,Florida Atlantic,Fumble,3,1,0,0,"(01:05) No Huddle-Shotgun #10 C.Veltkamp pass complete short left to #8 E.Messer caught at FAU02, for 7 yards to the FAU12 fumbled by #8 E.Messer at FAU05 forced by #58 C.Cauley, out of bounds at FAU12 PENALTY FAU Holding (#9 D.Henry) 2 yards from FAU05 to FAU03. NO PLAY"
401862707,2,22,5,Tulsa,Rush,4,3,0,0,(00:39) Kneel down by #10 B.Hayes at TLS16 for loss of 0 yards
401862708,2,4,2,UL Monroe,Rush,2,1,0,-1,(14:10) No Huddle-Shotgun #25 B.Roland rush middle for 1 yard loss to the ULM24 (#11 A.McKenzie; #29 C.Cunningham)
401862708,2,11,6,UAB,Rush,3,1,0,35,"(08:51) No Huddle-Shotgun #6 K.Daniels rush left for 35 yards gain to the ULM27 (#3 N.Flemmings), out of bounds, 1ST DOWN"
401862710,3,7,7,East Carolina,Rush,1,3,0,0,"No Huddle-Shotgun #9 E.Williams rush middle for 0 yards to the ODU33 (#4 J.Gibson; #90 C.Forbes). The previous play is under automatic review - ""Runner was down prior to losing the ball"". CALL UPHELD"
401862710,3,11,2,East Carolina,Pass Reception,2,1,0,1,"No Huddle-Shotgun #9 E.Williams pass complete short right to #21 M.Allen caught at ECU20, for 1 yard to the ECU26 (#4 J.Gibson; #12 A.Horn) PENALTY ECU Holding (#55 E.Kramer) 10 yards from ECU26 to ECU16"
401862710,3,19,4,Old Dominion,Rush,3,3,0,7,"No Huddle-Shotgun #3 D.Roche rush right for 7 yards gain to the ODU45 (#3 Z.Gamble; #22 A.Ross), out of bounds, 1ST DOWN"
401862710,3,21,11,Old Dominion,Fumble Recovery (Opponent),3,2,33,0,"No Huddle-Shotgun #3 D.Roche rush middle for 1 yard gain to the ECU32 fumbled by #3 D.Roche at ECU31 forced by #5 K.Davis recovered by ECU #91 M.Parker at ECU32, End Of Play PENALTY ECU Personal Foul (#98 T.Brazell) 15 yards from ECU32 to ECU17"
401862771,3,4,11,Florida International,Pass Interception Return,1,3,46,47,"(02:32) Shotgun #17 J.Kohl pass intercepted by #8 C.Tooley III at FAU35 #8 C.Tooley III return 47 yards to the FIU18 (#9 J.Verdugo) PENALTY FIU Personal Foul (#3 D.Lyons) 9 yards from FIU18 to FIU09, 1ST DOWN"
401862771,3,15,5,Florida Atlantic,Rush,3,3,0,1,"(04:35) No Huddle-Shotgun #10 C.Veltkamp rush left for 1 yard gain to the FIU15 (#18 P.Stewart), 1ST DOWN. The previous play is under automatic review - ""First down"". CALL UPHELD"
401862773,3,2,1,Rice,Rush,1,1,0,1,"(12:59) No Huddle-Shotgun #26 T.Byars rush left for 1 yard gain (1) to the Rice22 (#41 Z.Tibbs; #94 A.Tounkara) PENALTY WMU UNS: Unsportsmanlike Conduct (#41 Z.Tibbs) 15 yards from Rice22 to Rice37, 1ST DOWN"
401862773,3,13,1,Rice,Fumble Recovery (Opponent),3,0,65,0,"(09:13) #28 E.Gota kickoff 59 yards to the WMU06 #1 J.Franklin return 28 yards to the WMU34 fumbled by #1 J.Franklin at WMU34 forced by #40 J.Cupitt recovered by Rice #23 C.Bruce at WMU34, End Of Play"
401862774,3,2,1,Toledo,Fumble Recovery (Opponent),1,1,75,0,"(13:12) No Huddle-Shotgun #22 C.Miller rush middle for 1 yard loss to the TOLEDO24 fumbled by #22 C.Miller at TOLEDO23 forced by #93 K.Hornbeak recovered by TEMPLE #2 S.Karriem at TOLEDO24, End Of Play"
401862774,3,17,2,Toledo,Pass Reception,4,1,0,4,"(11:38) No Huddle-Shotgun #6 J.Richter pass complete short right to #3 A.Dabbs caught at TOLEDO20, for 4 yards to the TOLEDO29 (#29 A.Powell; #8 E.Stuart) PENALTY TOLEDO Holding (#12 B.Hammer) 10 yards from TOLEDO29 to TOLEDO19"
401862776,3,9,1,Louisiana,Fumble Recovery (Opponent),2,1,79,0,"(07:56) No Huddle-Shotgun #0 D.Smith rush right for 8 yards loss to the UL13 fumbled by #0 D.Smith at UL20 forced by #52 S.Sanders recovered by UAB #59 C.Burge at UL13 #59 C.Burge return 13 yards to the UL00 TOUCHDOWN, clock 07:56 #39 J.Delange kick attempt good (H: #30 C.Tinsley, LS: #50 E.Bishop)"
401862776,3,25,7,Louisiana,Rush,4,1,0,0,(00:16) Kneel down by #7 L.Winfield at UAB27 for loss of 0 yards
401862779,4,17,1,Army,Rush,4,1,0,-1,(00:27) Kneel down by Army West Point at AWP22 for loss of 1 yard
401862784,4,23,13,Tulane,Interception,4,1,9,0,"(14:31) No Huddle #3 K.Semonza pass intercepted by #25 L.Sylvie at USM00 QB hurried by #7 K.Cyprien, Touchback"
401864432,1,8,4,Western Kentucky,Fumble,2,2,0,0,"(11:03) No Huddle-Shotgun #5 R.Tisdale Jr. rush for 7 yards loss to the WKU12 fumbled by #5 R.Tisdale Jr. at, out of bounds at WKU12"
401864443,3,18,5,Nevada,Fumble,4,3,0,0,"(08:20) No Huddle-Shotgun #6 C.Jones pass complete short right to #1 H.Turner caught at Nev09, for 10 yards to the Nev21 (#12 R.Lee III). The previous play is under automatic review - ""Fumble"". CALL OVERTURNED. (Original Play: (08:20) No Huddle-Shotgun #6 C.Jones pass complete short right to #1 H.Turner caught at Nev09, for 10 yards to the Nev21 (#12 R.Lee III))"
401864443,3,18,6,Nevada,Fumble Recovery (Opponent),4,3,89,0,"(08:20) No Huddle-Shotgun #6 C.Jones pass complete short right to #1 H.Turner caught at Nev09, for 10 yards to the Nev21 fumbled by #1 H.Turner at Nev20 forced by #12 R.Lee III recovered by MTSU #26 K.Smith at Nev21, End Of Play. The previous play is under automatic review - ""Fumble"". CALL OVERTURNED. (Original Play: (08:20) No Huddle-Shotgun #6 C.Jones pass complete short right to #1 H.Turner caught at Nev09, for 10 yards to the Nev21 (#12 R.Lee III))"
401864494,0,13,3,San José State,Pass Incompletion,3,1,21,-79,(09:35) No Huddle-Shotgun #3 L.Weaver pass incomplete short middle to #10 A.Ivey thrown to USC05
401864508,3,17,14,Wyoming,Interception,4,1,7,0,"(01:21) Shotgun #6 T.Hughes pass intercepted by #43 K.Hayward at CMU00 QB hurried by #11 X.White, Touchback"
401864511,4,1,1,Georgia State,Fumble Recovery (Opponent),1,0,0,0,"(14:56) #26 B.Vorosmarty kickoff 57 yards to the NIU08 #24 E.Porter return for loss of 4 yards to the NIU25 fumbled by #24 E.Porter at NIU25 forced by #55 A.Wesley recovered by GSU #82 Z.Stair at NIU04, End Of Play"
401864511,4,2,3,Northern Illinois,Pass Reception,1,1,0,8,"(13:21) No Huddle-Shotgun #5 T.Dickens pass complete short left to #1 D.Rogers caught at NIU45, for 8 yards to the NIU45, out of bounds at NIU45. The previous play is under automatic review - ""Pass completion"". CALL UPHELD"
401864511,4,22,6,Georgia State,Fumble Recovery (Opponent),4,3,0,0,"(02:28) No Huddle-Shotgun #8 C.Brown pass complete short left to #10 D.Riles caught at GSU40, for 2 yards loss to the GSU39 fumbled by #10 D.Riles at GSU44 forced by #9 D.Reynolds recovered by NIU #30 A.Ellis at GSU39, End Of Play. The previous play is under automatic review - ""Loose ball recovery"". CALL UPHELD"
401864571,2,24,11,East Carolina,Interception,4,3,0,0,"(02:22) No Huddle-Shotgun #12 M.Griffis pass intercepted by #8 D.Walker at APP09, End Of Play. The previous play is under automatic review - ""Interception"". CALL UPHELD"
401864571,2,27,2,App State,Rush,4,1,0,1,(00:20) Kneel down by #3 M.Singleton at APP49 for loss of 1 yard
401864572,4,11,3,NC State,Rush,2,1,0,0,"(01:45) No Huddle-Shotgun #7 D.Gause rush left for 4 yards gain to the NCSU50 (#3 J.Henderson), out of bounds PENALTY NCSU Holding offsetting APP Personal Foul offsetting. NO PLAY"
401864572,4,14,14,NC State,Pass Incompletion,3,3,0,0,(04:49) Shotgun #11 C.Bailey pass incomplete short middle to #0 V.Snow thrown to APP00 PENALTY APP Holding offsetting NCSU Holding offsetting. NO PLAY
401864574,3,13,5,App State,Pass Incompletion,2,1,46,-54,(00:21) Shotgun #3 M.Singleton pass incomplete deep right to #6 C.Lofton thrown to CLT04
401864576,4,5,2,South Alabama,Rush,1,2,0,0,PJ Martin run for 0 yds
401864576,4,26,14,South Alabama,Fumble,4,4,12,31,"(01:19) No Huddle-Shotgun #7 J.Hollins pass intercepted by #4 A.Smith at UK00 #4 A.Smith return 31 yards to the UK31 fumbled by #4 A.Smith at UK31 forced by #2 J.Jones-Thomas, out of bounds at UK31"
401864577,0,16,1,North Dakota State,Fumble Recovery (Own),3,0,65,0,(06:41) #37 D.Klein kickoff 65 yards to the JSU00 #17 J.Williams return 0 yards to the JSU00 fumbled by #17 J.Williams at JSU00 recovered by JSU #17 J.Williams at JSU00 (#21 N.Taylor)
401864579,4,16,1,New Mexico,Pass Reception,3,1,0,68,"(02:51) No Huddle-Shotgun #13 T.Fa'avae pass complete deep left to #81 B.George caught at NMSU35, for 68 yards to the NMSU03 (#2 J.Gillespie; #5 N.Session), 1ST DOWN. The previous play is under automatic review - """". CALL UPHELD"
401866414,2,2,4,Florida International,Rush,1,1,0,0,A. Carrie run for 0 yds
401866414,2,10,2,Florida International,Rush,2,1,0,0,M. Anderson run for 0 yds
401866422,3,16,2,Liberty,Fumble Recovery (Opponent),3,1,44,0,"(02:32) No Huddle-Shotgun #13 J.Henderson rush middle for 4 yards loss to the BSU48 fumbled by #13 J.Henderson at BSU49 forced by #9 J.Thomas recovered by BSU #56 A.Glenn at BSU48, End Of Play"
401866423,3,4,6,Ohio,Pass Interception Return,2,1,64,13,"(15:00) No Huddle-Shotgun #9 M.Vezza pass intercepted by #1 D.Moore at USA 41 #1 D.Moore return 13 yards to the OHIO46 (#86 A.Metzger), out of bounds PENALTY OHIO Personal Foul (#84 A.Miller) 10 yards from OHIO46 to OHIO36, 1ST DOWN"
401866423,3,6,10,Ohio,Fumble Recovery (Opponent),2,3,1,0,"(08:54) No Huddle-Shotgun #9 M.Vezza rush middle for 1 yard gain to the USA 00 fumbled by #9 M.Vezza at USA 05 recovered by USA  #17 C.Ross at USA 00, Touchback"
401867804,3,8,6,Louisiana Tech,Pass Incompletion,2,2,25,-75,(05:52) No Huddle-Shotgun #2 T.Kukuk pass incomplete deep middle to #11 J.Mickens thrown to BAYLOR05
401867804,3,10,3,Louisiana Tech,Interception,2,1,20,0,"(00:14) No Huddle-Shotgun #2 T.Kukuk pass intercepted by #7 D.Jordan at BAYLOR00, Touchback"
401867804,3,21,5,Baylor,Fumble Recovery (Opponent),4,3,57,0,"(06:42) No Huddle-Shotgun #12 N.Bennett pass complete short middle to #10 T.Livingston caught at BAYLOR48, for 9 yards to the LATECH48 fumbled by #10 T.Livingston at LATECH45 forced by #10 K.Fields recovered by LATECH #16 T.Rogers at LATECH48 #16 T.Rogers return 5 yards to the BAYLOR47 (#70 N.Kibble)"
401869940,3,13,1,Delaware,Fumble Recovery (Own),3,0,65,25,"(15:00) #31 T.Smack kickoff 65 yards to the CCU00 #1 R.Washington return 25 yards to the CCU25 fumbled by #1 R.Washington at CCU25 forced by #16 N.Jefferson recovered by CCU #1 R.Washington at CCU25, End Of Play"
401869948,3,6,2,Jacksonville State,Fumble Recovery (Opponent),2,1,75,0,Shotgun #17 J.Williams rush right for 2 yards gain to the Jax St27 fumbled by #17 J.Williams at Jax St27 forced by #22 C.Calicut recovered by GS #1 B.Tyson at Jax St27 #1 B.Tyson return 5 yards to the Jax St22 (#12 C.Creel)
401871047,3,5,4,Missouri State,Rush,1,3,0,1,"(01:37) No Huddle-Shotgun #22 R.Green Jr. rush right for 1 yard gain (1) to the MSU32 (#9 B.Hall; #11 J.Pierre-Louis) PENALTY MAR Face Mask (#5 J.Gilmore) 15 yards from MSU32 to MSU47, 1ST DOWN"
401871047,3,17,6,Marshall,Fumble Recovery (Opponent),4,1,15,0,"(05:07) Shotgun #7 C.Del Rio-Wilson rush middle for 8 yards gain to the MSU07 fumbled by #7 C.Del Rio-Wilson at MSU08 forced by #21 J.Cooper recovered by MSU #2 A.Smith at MSU07, End Of Play"
