game_id,drive_number,play_number,silver,week,play_type,elig,first,last,d
401856766,6,9,-3.1543644549735017,0,Pass Incompletion,True,-1.3970814656648365,-3.1543644549735017,-1.7572829893086652
401856766,11,5,-5.44677352536727,0,Fumble Recovery (Opponent),True,-2.723386762683635,-5.44677352536727,-2.723386762683635
401856766,16,2,-4.932504255787922,0,Fumble Recovery (Opponent),True,-0.6139422043948972,-4.932504255787922,-4.318562051393025
401856766,17,8,-4.249734395317995,0,Rush,True,-4.146427856099022,-4.249734395317995,-0.10330653921897337
401856766,19,15,-4.17318578766417,0,Pass Incompletion,True,-3.967030040801374,-4.17318578766417,-0.20615574686279547
401858201,13,5,-4.155097338331753,0,Pass Incompletion,True,-2.8478838572360967,-4.155097338331753,-1.3072134810956566
401858202,5,3,-4.598121775367678,0,Interception,True,-0.46964120095664086,-4.598121775367678,-4.1284805744110376
401858202,11,6,-4.431110314688412,0,Fumble Recovery (Opponent),True,-4.304617526590462,-4.431110314688412,-0.1264927880979494
401858202,20,6,-4.116072432260212,0,Pass Reception,True,-0.019147205762199526,-4.116072432260212,-4.096925226498012
401862693,10,2,-5.202242757870498,0,Fumble Recovery (Opponent),True,-0.9222448802786785,-5.202242757870498,-4.2799978775918195
401862693,15,8,-1.464440401391359,0,Pass Reception,True,-0.9527386506842097,-1.464440401391359,-0.5117017507071493
401862693,21,14,-4.231274902543113,0,Sack,True,-3.238051215004079,-4.231274902543113,-0.9932236875390341
401862693,25,4,-3.877089469522952,0,Pass Reception,True,0.40290840806886763,-3.877089469522952,-4.2799978775918195
401864494,3,6,-4.0255384354523285,0,Rush,True,-4.017218287321738,-4.0255384354523285,-0.008320148130590788
401864494,6,16,-4.282568155813287,0,Rush,True,-4.104754111838165,-4.282568155813287,-0.1778140439751219
401864494,18,8,-4.430731033479617,0,Pass Interception Return,True,-0.4033198172565733,-4.430731033479617,-4.027411216223044
401864570,8,6,-4.693541376419816,0,Interception,True,-3.2128520920616754,-4.693541376419816,-1.4806892843581405
401864570,19,13,-4.104106760677342,0,Pass Incompletion,True,-0.3446263865738617,-4.104106760677342,-3.7594803741034806
401864577,9,4,-4.170157287149335,0,Interception,True,0.1975458990551715,-4.170157287149335,-4.367703186204507
401864577,10,6,-4.240503207144274,0,Rush,True,-3.97176319872859,-4.240503207144274,-0.26874000841568346
401864577,13,10,-5.338277874120957,0,Pass Interception Return,True,-2.7084606555002626,-5.338277874120957,-2.629817218620694
401866408,22,10,-3.753625946183057,0,Pass Incompletion,True,-1.6086419826479226,-3.753625946183057,-2.144983963535134
401866408,26,8,-4.828115784401262,0,Pass Interception Return,True,-4.0384728785906585,-4.828115784401262,-0.7896429058106031
401856634,13,3,-5.446723929867405,1,Fumble Recovery (Opponent),True,-1.2886700999403526,-5.446723929867405,-4.158053829927052
401856636,2,10,-5.192814853642153,1,Fumble Recovery (Opponent),True,-3.885601372546496,-5.192814853642153,-1.3072134810956566
401856636,4,10,-4.437069564047032,1,Pass Interception Return,True,-1.6219671017322401,-4.437069564047032,-2.815102462314792
401856636,9,8,-2.7059923662181564,1,Pass Interception Return,True,-2.681174667118883,-2.7059923662181564,-0.024817699099273227
401856636,13,14,-2.252477804652365,1,Pass Interception Return,True,-1.7876603872040224,-2.252477804652365,-0.4648174174483426
401856636,17,10,-4.1704920981263145,1,Pass Incompletion,True,-3.749861425329989,-4.1704920981263145,-0.4206306727963254
401856636,20,10,-3.5620531739128936,1,Rush,True,-1.8988225636425078,-3.5620531739128936,-1.6632306102703858
401856636,21,10,-3.879617777970889,1,Pass Incompletion,True,-1.8326214186503798,-3.879617777970889,-2.0469963593205094
401856636,22,1,-5.284665807683261,1,Pass Interception Return,True,-2.0469963593205094,-5.284665807683261,-3.2376694483627517
401856637,1,12,-2.524357449268221,1,Pass Interception Return,True,-2.4210509100492477,-2.524357449268221,-0.10330653921897337
401856637,11,2,-5.133943695680567,1,Pass Interception Return,True,-0.9222448802786785,-5.133943695680567,-4.211698815401888
401856637,13,10,-4.1700379984990965,1,Pass Incompletion,True,-0.7832402397655267,-4.1700379984990965,-3.38679775873357
401856637,14,3,-3.0032712264991286,1,Pass Interception Return,True,-1.9359866607210652,-3.0032712264991286,-1.0672845657780634
401856637,15,8,-3.7121972636423743,1,Rush,True,-0.7202515523528055,-3.7121972636423743,-2.991945711289569
401856637,21,17,-4.450673717016227,1,Fumble Recovery (Opponent),False,-4.214246025143899,-4.450673717016227,-0.23642769187232826
401856660,1,3,-5.929606961837756,1,Pass Interception Return,True,-1.8326817353397438,-5.929606961837756,-4.096925226498012
401856661,3,7,-3.6746895661965073,1,Fumble Recovery (Opponent),True,-1.4315901703401828,-3.6746895661965073,-2.2430993958563246
401856661,6,8,-4.571715455258286,1,Fumble Recovery (Own),True,-0.10180999729421192,-4.571715455258286,-4.4699054579640745
401856661,9,3,-3.3985747345820227,1,Interception,True,-0.7687575159613287,-3.3985747345820227,-2.629817218620694
401856662,2,6,-4.261838401251659,1,Pass Incompletion,True,-0.1985645621653287,-4.261838401251659,-4.06327383908633
401856664,10,6,-5.781272548441823,1,Fumble Recovery (Opponent),True,-1.7179987093554931,-5.781272548441823,-4.06327383908633
401856664,16,6,-4.147627780173237,1,Pass Incompletion,False,-0.019147205762199526,-4.147627780173237,-4.1284805744110376
401856664,18,3,-5.711271046277975,1,Fumble Recovery (Opponent),False,-4.318562051393025,-5.711271046277975,-1.3927089948849503
401856664,20,4,-4.102874344358716,1,Sack,False,0.21568770703430928,-4.102874344358716,-4.318562051393025
401856665,17,4,-3.993869426342533,1,Interception,False,-1.8488854628073987,-3.993869426342533,-2.144983963535134
401856667,3,10,-3.8896720016847777,1,Pass Incompletion,True,-1.4513752137240932,-3.8896720016847777,-2.4382967879606845
401856667,14,6,-4.7699521382158405,1,Pass Interception Return,False,-0.9590012821531815,-4.7699521382158405,-3.810950856062659
401856667,18,6,-4.226371363334996,1,Rush,False,0.20490591537262937,-4.226371363334996,-4.4312772787076256
401856668,7,14,-1.79970883371427,1,Fumble Recovery (Opponent),True,-1.4206703835894796,-1.79970883371427,-0.3790384501247903
401856668,8,10,-4.24376118358685,1,Rush,True,-1.0851731157082227,-4.24376118358685,-3.158588067878627
401856668,10,3,-4.962499788263434,1,Fumble Recovery (Opponent),True,-0.6264774663346628,-4.962499788263434,-4.3360223219287715
401856772,2,17,-4.225175982570107,1,Rush,True,-4.182694544310008,-4.225175982570107,-0.04248143826009887
401856772,6,4,-4.228570361946272,1,Fumble Recovery (Opponent),True,-0.1316451354482595,-4.228570361946272,-4.096925226498012
401856772,13,9,-4.29301729055282,1,Rush,True,-1.9520296403512472,-4.29301729055282,-2.3409876502015727
401856772,16,10,-0.41411026622676506,1,Interception,True,-0.26281554041777166,-0.41411026622676506,-0.1512947258089934
401856772,19,4,-4.261838401251659,1,Pass Reception,True,-0.1985645621653287,-4.261838401251659,-4.06327383908633
401856772,23,7,-4.5381492909650785,1,Interception,True,-3.313766163720043,-4.5381492909650785,-1.2243831272450354
401856776,5,8,-4.091973603628209,1,Rush,True,-4.083653455497618,-4.091973603628209,-0.008320148130590788
401856777,12,8,-6.310504405173614,1,Fumble Recovery (Opponent),True,-3.5871176424899787,-6.310504405173614,-2.723386762683635
401856777,16,14,-4.216147850605092,1,Sack,True,-3.947407842189408,-4.216147850605092,-0.26874000841568346
401856777,19,4,-4.182673229398803,1,Pass Reception,True,0.029025586003085024,-4.182673229398803,-4.211698815401888
401856777,21,5,-3.6188642440792362,1,Interception,True,0.286543107335576,-3.6188642440792362,-3.905407351414812
401856778,5,8,-4.287983111227762,1,Rush,True,-1.296037399938193,-4.287983111227762,-2.991945711289569
401856778,6,4,-5.3402507294265895,1,Fumble Recovery (Opponent),True,-3.859561445068449,-5.3402507294265895,-1.4806892843581405
401856778,13,6,-3.001092860286061,1,Pass Incompletion,True,-0.00914714899649205,-3.001092860286061,-2.991945711289569
401856778,18,9,-5.219049641591284,1,Pass Interception Return,True,-4.296804761312606,-5.219049641591284,-0.9222448802786785
401856778,21,10,-4.716823737717625,1,Sack,True,-1.3300259789840556,-4.716823737717625,-3.38679775873357
401856780,4,7,-4.173546902358797,1,Pass Incompletion,True,-4.022252176549804,-4.173546902358797,-0.1512947258089934
401856780,8,3,-3.628229268835268,1,Fumble Recovery (Opponent),True,-0.46964120095664086,-3.628229268835268,-3.158588067878627
401856780,9,8,-4.320932505361292,1,Fumble Recovery (Opponent),True,-4.312612357230702,-4.320932505361292,-0.008320148130590788
401858204,17,10,-4.502791062439838,1,Rush,True,-1.0460784705743027,-4.502791062439838,-3.4567125918655357
401858206,18,17,-3.8488456597583802,1,Pass Incompletion,False,-2.994464003174171,-3.8488456597583802,-0.8543816565842093
401858206,19,5,-3.1148573949411587,1,Interception,False,-3.0332194429759625,-3.1148573949411587,-0.08163795196519619
401858207,22,5,-2.4080333883242124,1,Interception,False,-0.0670457381226397,-2.4080333883242124,-2.3409876502015727
401858207,23,8,-4.236578143269477,1,Rush,False,-4.030422396406681,-4.236578143269477,-0.20615574686279547
401858209,7,10,-3.059529362144626,1,Pass Reception,True,-2.1372844818659473,-3.059529362144626,-0.9222448802786785
401858209,10,4,-2.7204266844230762,1,Fumble Recovery (Opponent),True,-2.2556092669747336,-2.7204266844230762,-0.4648174174483426
401858209,11,6,-5.423773716164385,1,Fumble Recovery (Opponent),True,-2.985476928203701,-5.423773716164385,-2.4382967879606845
401858209,15,4,-4.003027525625492,1,Pass Incompletion,True,-3.4913257749183426,-4.003027525625492,-0.5117017507071493
401858209,22,8,-3.7484537891063274,1,Pass Reception,True,0.24076811587987645,-3.7484537891063274,-3.989221904986204
401858209,23,8,-2.9778740213946886,1,Pass Incompletion,True,-0.9308776620741792,-2.9778740213946886,-2.0469963593205094
401858209,24,6,-2.7327100610586497,1,Pass Reception,True,0.2592356502309192,-2.7327100610586497,-2.991945711289569
401858210,12,5,-4.764275166086521,1,Pass Interception Return,True,-4.461070784954153,-4.764275166086521,-0.30320438113236836
401858210,19,14,-4.36900390019472,1,Rush,True,-1.1313344518319681,-4.36900390019472,-3.2376694483627517
401858210,21,3,-3.979701586385346,1,Pass Interception Return,True,0.1783522435417062,-3.979701586385346,-4.158053829927052
401858210,23,5,-4.639168801257984,1,Interception,True,-1.1824562093924484,-4.639168801257984,-3.4567125918655357
401858210,25,10,-3.1499670514835723,1,Pass Reception,True,-0.24526648505687998,-3.1499670514835723,-2.9047005664266923
401858210,27,7,-3.6254678218332907,1,Pass Incompletion,True,-0.10198190690035869,-3.6254678218332907,-3.523485914932932
401858212,6,6,-4.401395196187745,1,Rush,True,-0.7537652841185993,-4.401395196187745,-3.6476299120691458
401858212,13,7,-4.218719588085451,1,Pass Interception Return,True,-4.176238149825352,-4.218719588085451,-0.04248143826009887
401858212,20,5,-3.1610172963318517,1,Pass Interception Return,True,-2.433002098672974,-3.1610172963318517,-0.7280151976588778
401858423,13,13,-8.441668656692665,1,Rush,True,-3.97176319872859,-8.441668656692665,-4.4699054579640745
401858423,15,8,-4.549111247207363,1,Pass Interception Return,True,-4.1284805744110376,-4.549111247207363,-0.4206306727963254
401858423,17,2,-4.57035553319436,1,Pass Interception Return,True,0.23288983647842887,-4.57035553319436,-4.803245369672789
401858423,21,1,-4.503671959160533,1,Pass Interception Return,True,-0.1512947258089934,-4.503671959160533,-4.35237723335154
401858424,8,8,-4.28525006206597,1,Rush,True,-1.1266619941873426,-4.28525006206597,-3.158588067878627
401858425,2,16,-4.012257799116357,1,Pass Incompletion,True,-1.9652614397958477,-4.012257799116357,-2.0469963593205094
401858425,17,9,-5.0792200824093285,1,Pass Interception Return,False,-1.4315901703401828,-5.0792200824093285,-3.6476299120691458
401858426,8,2,-5.030279963956344,1,Pass Interception Return,True,-1.5067940490234122,-5.030279963956344,-3.523485914932932
401858426,18,6,-3.750844653088601,1,Pass Incompletion,True,-1.801355446666351,-3.750844653088601,-1.9494892064222498
401858426,22,8,-4.768655134996871,1,Fumble Recovery (Opponent),False,-2.9158477427722023,-4.768655134996871,-1.852807392224669
401858426,27,8,-4.125589405911007,1,Rush,False,-3.7049587331146814,-4.125589405911007,-0.4206306727963254
401858428,5,5,-4.168104028069037,1,Pass Incompletion,True,-3.606723549071834,-4.168104028069037,-0.5613804789972034
401858428,12,7,-5.347282443369883,1,Pass Interception Return,True,-1.0672845657780634,-5.347282443369883,-4.2799978775918195
401858429,5,6,-3.566787958553519,1,Pass Interception Return,True,0.2441628975091401,-3.566787958553519,-3.810950856062659
401858429,15,7,-4.279923101266732,1,Rush,True,-3.0555399740216966,-4.279923101266732,-1.2243831272450354
401858429,20,6,-4.198268255895099,1,Pass Incompletion,True,-0.10134302939708739,-4.198268255895099,-4.096925226498012
401858430,10,10,-4.027130313151902,1,Pass Incompletion,True,-1.3037435504682673,-4.027130313151902,-2.723386762683635
401858430,21,6,-4.3958263051618225,1,Pass Interception Return,True,0.024270592053763806,-4.3958263051618225,-4.420096897215586
401858432,6,6,-4.3030312639842085,1,Pass Interception Return,True,-0.0670457381226397,-4.3030312639842085,-4.235985525861569
401858432,18,3,-3.911143781114693,1,Interception,False,0.07807812387151092,-3.911143781114693,-3.989221904986204
401858432,21,10,-2.73910848434765,1,Pass Reception,False,-1.3463994894626996,-2.73910848434765,-1.3927089948849503
401858433,2,8,-4.336290736766875,1,Pass Reception,True,-1.4315901703401828,-4.336290736766875,-2.9047005664266923
401858433,9,9,-4.289179018880013,1,Pass Reception,True,-1.3844784524533207,-4.289179018880013,-2.9047005664266923
401858433,25,7,-3.935678332446546,1,Pass Incompletion,True,0.2223754974805061,-3.935678332446546,-4.158053829927052
401858433,26,5,-4.16386993366148,1,Pass Incompletion,True,-3.3742270278508766,-4.16386993366148,-0.7896429058106031
401858434,15,9,-4.246692632654975,1,Rush,True,-1.4315901703401828,-4.246692632654975,-2.815102462314792
401858434,19,3,-4.0225023125363215,1,Interception,False,0.16325455454090765,-4.0225023125363215,-4.185756867077229
401858434,23,1,-5.885763563719703,1,Fumble Recovery (Opponent),False,-1.7572829893086652,-5.885763563719703,-4.1284805744110376
401858436,2,9,-2.7072490343907774,1,Interception,True,-2.328210584265987,-2.7072490343907774,-0.3790384501247903
401858436,3,6,-5.439383868915366,1,Fumble Recovery (Opponent),True,-2.9047005664266923,-5.439383868915366,-2.5346833024886735
401858436,7,6,-8.400439404479313,1,Rush,True,-3.93936861952516,-8.400439404479313,-4.461070784954153
401858436,14,14,-4.327272886596565,1,Fumble Recovery (Opponent),True,-4.2007800984986154,-4.327272886596565,-0.1264927880979494
401858436,19,13,-4.078747092141018,1,Sack,False,-3.699708642016228,-4.078747092141018,-0.3790384501247903
401858437,7,4,-4.181799590579802,1,Pass Interception Return,True,0.18590359562470482,-4.181799590579802,-4.367703186204507
401858437,12,13,-4.2225661732744895,1,Rush,True,-4.214246025143899,-4.2225661732744895,-0.008320148130590788
401858437,17,6,-4.292334426954239,1,Pass Incompletion,True,-2.24533806763373,-4.292334426954239,-2.0469963593205094
401858437,22,5,-5.156531892622159,1,Pass Interception Return,True,-1.1673099876359547,-5.156531892622159,-3.989221904986204
401860878,4,8,-4.0168804555384785,1,Pass Interception Return,True,-3.4029382511435813,-4.0168804555384785,-0.6139422043948972
401860878,8,4,-4.574809185425083,1,Interception,True,-1.4981763893180222,-4.574809185425083,-3.076632796107061
401860878,15,8,-2.624835354859613,1,Pass Interception Return,True,-0.38173595900328827,-2.624835354859613,-2.2430993958563246
401862695,1,8,-3.3484534710203215,1,Pass Interception Return,True,-3.221960682922372,-3.3484534710203215,-0.1264927880979494
401862695,4,2,-2.8098482683799277,1,Pass Interception Return,True,0.18209744290964114,-2.8098482683799277,-2.991945711289569
401862695,13,10,-4.67673169491883,1,Interception,True,-4.007266484735986,-4.67673169491883,-0.6694652101828442
401862695,18,6,-4.048709753517328,1,Interception,True,-3.259066847706725,-4.048709753517328,-0.7896429058106031
401862695,21,5,-3.966070458440364,1,Pass Interception Return,True,-3.2380552607814863,-3.966070458440364,-0.7280151976588778
401862695,23,5,-4.129533783744443,1,Pass Interception Return,True,-3.6178320330372937,-4.129533783744443,-0.5117017507071493
401862699,2,12,-3.76832276694474,1,Pass Incompletion,True,-1.3300259789840556,-3.76832276694474,-2.4382967879606845
401862699,4,7,-4.32656197326107,1,Rush,True,-1.1679739053824427,-4.32656197326107,-3.158588067878627
401862699,13,3,-5.435092789971163,1,Pass Interception Return,True,-1.4076815737481194,-5.435092789971163,-4.027411216223044
401862699,15,6,-4.187786467151533,1,Fumble Recovery (Opponent),True,-0.1985645621653287,-4.187786467151533,-3.989221904986204
401862699,17,8,-3.6693530959729985,1,Pass Interception Return,True,0.14159776008966052,-3.6693530959729985,-3.810950856062659
401864432,9,2,-5.309519984090205,1,Pass Interception Return,True,-1.852807392224669,-5.309519984090205,-3.4567125918655357
401864432,15,11,-4.269633849859033,1,Fumble Recovery (Opponent),True,-3.929700666187932,-4.269633849859033,-0.3399331836711008
401864432,19,11,-4.152464564675272,1,Rush,True,-1.6177812621865986,-4.152464564675272,-2.5346833024886735
401864495,5,7,-4.389222003064278,1,Rush,True,-1.8545387005756044,-4.389222003064278,-2.5346833024886735
401864495,6,8,-4.149691133749119,1,Pass Incompletion,True,-2.1026947744286097,-4.149691133749119,-2.0469963593205094
401864495,7,3,-3.544201913205047,1,Pass Interception Return,True,-1.880971302934661,-3.544201913205047,-1.6632306102703858
401864495,27,5,-3.991984503793013,1,Interception,True,0.10494072270499899,-3.991984503793013,-4.096925226498012
401864495,29,8,-3.8270477138854266,1,Pass Incompletion,True,0.12154365463783012,-3.8270477138854266,-3.9485913685232568
401864497,5,10,-3.8899823071257416,1,Pass Incompletion,True,-2.3190389762668904,-3.8899823071257416,-1.5709433308588512
401864497,13,7,-4.8730384338103185,1,Sack,True,-1.1679739053824427,-4.8730384338103185,-3.705064528427876
401864497,18,11,-4.26685008827901,1,Rush,True,-4.030422396406681,-4.26685008827901,-0.23642769187232826
401864497,22,4,-5.111316956828494,1,Interception,True,-3.886933829583459,-5.111316956828494,-1.2243831272450354
401864498,10,8,-6.0581692174216055,1,Interception,True,-3.523485914932932,-6.0581692174216055,-2.5346833024886735
401864498,16,13,-5.121688076099277,1,Fumble Recovery (Own),False,-1.2162807246844647,-5.121688076099277,-3.905407351414812
401869960,13,14,-3.927619558904346,1,Pass Incompletion,True,-3.6911918670320176,-3.927619558904346,-0.23642769187232826
401869960,17,10,-4.165820515492482,1,Pass Incompletion,True,-0.92815106712973,-4.165820515492482,-3.2376694483627517
401870763,14,2,-5.108001747355908,1,Pass Interception Return,True,-0.9222448802786785,-5.108001747355908,-4.185756867077229
401870763,22,10,-4.566774646715039,1,Rush,True,-1.6620740802883471,-4.566774646715039,-2.9047005664266923
401856670,6,3,-4.5381492909650785,2,Pass Interception Return,True,-3.313766163720043,-4.5381492909650785,-1.2243831272450354
401856670,7,5,-4.273336790999856,2,Pass Interception Return,True,0.045225260393168654,-4.273336790999856,-4.318562051393025
401856670,17,13,-3.0654406670116785,2,Pass Incompletion,True,-1.758227185916022,-3.0654406670116785,-1.3072134810956566
401856670,20,9,-3.88262154983577,2,Pass Incompletion,False,-1.6395221539794456,-3.88262154983577,-2.2430993958563246
401856670,21,8,-3.426906013775996,2,Sack,False,0.09657990115693593,-3.426906013775996,-3.523485914932932
401856671,6,6,-2.5395522123669014,2,Interception,True,-0.1985645621653287,-2.5395522123669014,-2.3409876502015727
401856671,16,14,-4.675955505599872,2,Fumble Recovery (Opponent),True,-4.3360223219287715,-4.675955505599872,-0.3399331836711008
401856671,20,9,-4.078611208270914,2,Fumble,False,-4.017218287321738,-4.078611208270914,-0.061392920949176144
401856671,21,13,-3.323903717653648,2,Pass Incompletion,False,-0.6005169549700131,-3.323903717653648,-2.723386762683635
401856673,10,4,-3.4135986650941694,2,Pass Interception Return,True,0.17351897739580924,-3.4135986650941694,-3.5871176424899787
401856673,15,6,-4.0930500766628315,2,Fumble Recovery (Opponent),True,0.34875083377208593,-4.0930500766628315,-4.441800910434917
401856674,10,3,-2.7926364419236096,2,Interception,True,0.022466020391182617,-2.7926364419236096,-2.815102462314792
401856674,11,7,-4.408823607060473,2,Fumble Recovery (Own),True,-1.0220258483269031,-4.408823607060473,-3.38679775873357
401856674,17,5,-4.082421044848529,2,Rush,True,-0.019147205762199526,-4.082421044848529,-4.06327383908633
401856674,21,10,-4.0153510886745,2,Pass Incompletion,True,-0.36772117660535386,-4.0153510886745,-3.6476299120691458
401856676,10,14,-6.023938951370685,2,Pass Interception Return,True,-2.1185315999558725,-6.023938951370685,-3.905407351414812
401856676,19,6,-3.8417149225484337,2,Interception,False,-1.1183281598647987,-3.8417149225484337,-2.723386762683635
401856677,14,13,-4.078611208270914,2,Pass Reception,True,-4.017218287321738,-4.078611208270914,-0.061392920949176144
401856678,5,12,-2.4415525754443177,2,Interception,True,-2.2902578496353243,-2.4415525754443177,-0.1512947258089934
401856678,6,5,-4.618393005019478,2,Fumble Recovery (Opponent),True,-0.5909817887964346,-4.618393005019478,-4.027411216223044
401856678,14,1,-5.54396312344447,2,Fumble Recovery (Opponent),True,-1.4806892843581405,-5.54396312344447,-4.06327383908633
401856678,16,2,-5.392150338242753,2,Pass Interception Return,True,-0.9222448802786785,-5.392150338242753,-4.4699054579640745
401856678,24,7,-4.117345717628615,2,Fumble Recovery (Own),True,0.3343711071923039,-4.117345717628615,-4.4517168248209185
401856678,26,8,-4.080473626486121,2,Sack,True,0.38059715846803144,-4.080473626486121,-4.461070784954153
401856679,5,8,-4.559932052966113,2,Fumble Recovery (Opponent),True,-3.3355489257210778,-4.559932052966113,-1.2243831272450354
401856679,16,4,-4.719248524268569,2,Pass Interception Return,True,0.2282617046661537,-4.719248524268569,-4.947510228934723
401856679,20,4,-3.623928316083753,2,Pass Incompletion,True,-0.7192277496570609,-3.623928316083753,-2.9047005664266923
401856681,11,11,-5.643452472824075,2,Pass Interception Return,True,-4.4190693455790395,-5.643452472824075,-1.2243831272450354
401856681,16,11,-3.243086159806446,2,Pass Incompletion,True,-2.9031529761353454,-3.243086159806446,-0.3399331836711008
401856681,18,4,-4.100816558366977,2,Sack,True,0.2352057635617948,-4.100816558366977,-4.3360223219287715
401856682,1,2,-5.136222488588287,2,Fumble Recovery (Opponent),True,-0.7280151976588778,-5.136222488588287,-4.408207290929409
401856682,3,5,-2.315736367736193,2,Pass Interception Return,True,-2.0469963593205094,-2.315736367736193,-0.26874000841568346
401856682,6,11,-4.137703028944822,2,Rush,True,-3.8689630205291383,-4.137703028944822,-0.26874000841568346
401856682,9,10,-5.189699088713999,2,Rush,True,-1.9520296403512472,-5.189699088713999,-3.2376694483627517
401856682,22,5,-2.0982706836953398,2,Interception,True,0.1448287121609848,-2.0982706836953398,-2.2430993958563246
401856683,10,5,-4.272336172330127,2,Fumble Recovery (Own),True,-0.5672716439022514,-4.272336172330127,-3.705064528427876
401856683,13,3,-3.5520620988993725,2,Interception,True,-0.9222448802786785,-3.5520620988993725,-2.629817218620694
401856683,21,6,-4.050292071810035,2,Fumble Recovery (Own),True,0.012981767276294853,-4.050292071810035,-4.06327383908633
401856683,23,2,-4.893940081986717,2,Fumble Recovery (Opponent),True,-0.6139422043948972,-4.893940081986717,-4.2799978775918195
401856683,26,5,-4.077190486907331,2,Pass Incompletion,False,0.10856638016989795,-4.077190486907331,-4.185756867077229
401856684,4,5,-0.39541419146545564,2,Fumble Recovery (Own),True,0.025216481330869733,-0.39541419146545564,-0.4206306727963254
401856684,7,2,-5.202242757870498,2,Pass Interception Return,True,-0.9222448802786785,-5.202242757870498,-4.2799978775918195
401856684,12,6,-4.118425299778983,2,Pass Reception,True,-3.606723549071834,-4.118425299778983,-0.5117017507071493
401856684,14,5,-5.797700242067108,2,Fumble Recovery (Opponent),True,-3.4567125918655357,-5.797700242067108,-2.3409876502015727
401856684,25,10,-4.0724034613264255,2,Pass Incompletion,True,-3.4029382511435813,-4.0724034613264255,-0.6694652101828442
401856684,26,11,-5.867486666983446,2,Pass Interception Return,True,-3.2376694483627517,-5.867486666983446,-2.629817218620694
401856781,3,13,-5.539549400721713,2,Pass Interception Return,True,-2.0160634857887807,-5.539549400721713,-3.523485914932932
401856781,4,4,-4.290846408906107,2,Rush,True,-2.4380390166814383,-4.290846408906107,-1.852807392224669
401856781,12,5,-2.3854558780518413,2,Fumble Recovery (Own),True,0.33793088463179366,-2.3854558780518413,-2.723386762683635
401856781,18,7,-4.677078489897628,2,Fumble Recovery (Opponent),False,-2.3360908396960554,-4.677078489897628,-2.3409876502015727
401856782,6,6,-4.280561969491938,2,Pass Incompletion,True,-0.8937642107583681,-4.280561969491938,-3.38679775873357
401856782,9,6,-4.173546902358797,2,Pass Incompletion,True,-4.022252176549804,-4.173546902358797,-0.1512947258089934
401856782,11,2,-6.337976290912458,2,Pass Interception Return,True,-0.2759975660329008,-6.337976290912458,-6.061978724879557
401856782,19,8,-4.013971559616472,2,Sack,True,-1.0220258483269031,-4.013971559616472,-2.991945711289569
401856782,25,4,-3.95289372007338,2,Pass Incompletion,True,0.14403150642463203,-3.95289372007338,-4.096925226498012
401856782,27,6,-6.534337618746294,2,Fumble Recovery (Opponent),True,-2.723386762683635,-6.534337618746294,-3.810950856062659
401856783,9,9,-2.8604384067696405,2,Pass Interception Return,True,-1.1031554174609752,-2.8604384067696405,-1.7572829893086652
401856783,24,7,-3.2748633035651,2,Pass Incompletion,True,-1.3253740971428503,-3.2748633035651,-1.9494892064222498
401856783,26,5,-4.103174749475081,2,Pass Incompletion,True,0.37508583715699384,-4.103174749475081,-4.478260586632075
401856788,3,5,-5.860848036105656,2,Rush,True,-2.049897180042997,-5.860848036105656,-3.810950856062659
401856790,1,8,-3.914249848997555,2,Pass Incompletion,True,-1.0991473866827626,-3.914249848997555,-2.815102462314792
401856790,13,7,-4.051828725402189,2,Pass Incompletion,True,-0.8932406575235623,-4.051828725402189,-3.158588067878627
401856790,15,7,-3.5049381979851937,2,Pass Incompletion,True,-1.555448991562944,-3.5049381979851937,-1.9494892064222498
401856790,23,6,-4.168747442251835,2,Sack,True,0.11125043533998458,-4.168747442251835,-4.2799978775918195
401856810,3,4,-4.477797706207424,2,Pass Interception Return,True,0.09796447014610798,-4.477797706207424,-4.575762176353532
401856810,17,10,-3.8211981802434254,2,Pass Reception,True,-3.309496429536276,-3.8211981802434254,-0.5117017507071493
401858214,1,6,-4.261838401251659,2,Rush,True,-0.1985645621653287,-4.261838401251659,-4.06327383908633
401858214,3,7,-4.448733538381169,2,Interception,True,-3.6590906325705657,-4.448733538381169,-0.7896429058106031
401858214,12,11,-4.147877521315023,2,Pass Interception Return,True,-3.58649704231782,-4.147877521315023,-0.5613804789972034
401858214,13,3,-5.9886175622707185,2,Fumble Recovery (Opponent),True,-2.3409876502015727,-5.9886175622707185,-3.6476299120691458
401858214,15,2,-5.330452171208088,2,Pass Interception Return,True,-0.9222448802786785,-5.330452171208088,-4.408207290929409
401858214,16,4,-4.293339832307971,2,Rush,True,-4.056912140435642,-4.293339832307971,-0.23642769187232826
401858214,21,7,-4.263380424124451,2,Interception,True,-2.2163840648039415,-4.263380424124451,-2.0469963593205094
401858214,22,7,-7.768870029701871,2,Interception,True,-3.38679775873357,-7.768870029701871,-4.382072270968301
401858216,14,8,-4.063339623493788,2,Pass Incompletion,True,-0.7495734597737451,-4.063339623493788,-3.313766163720043
401858216,15,8,-5.950013582539732,2,Pass Interception Return,True,-1.7383147671378438,-5.950013582539732,-4.211698815401888
401858216,24,2,-5.534517785047386,2,Interception,True,-2.9047005664266923,-5.534517785047386,-2.629817218620694
401858217,13,11,-4.1689798943797465,2,Pass Incompletion,True,-3.657278143672597,-4.1689798943797465,-0.5117017507071493
401858217,15,3,-4.5169935673876145,2,Pass Interception Return,True,-0.9935076524546824,-4.5169935673876145,-3.523485914932932
401858217,17,6,-4.058857577105641,2,Pass Incompletion,True,-0.153450225690829,-4.058857577105641,-3.905407351414812
401858219,4,1,-2.3645091429318184,2,Interception,True,-1.852807392224669,-2.3645091429318184,-0.5117017507071493
401858219,6,7,-4.5717790054071505,2,Fumble Recovery (Opponent),True,-4.445286217309201,-4.5717790054071505,-0.1264927880979494
401858219,27,6,-4.077190486907331,2,Pass Incompletion,True,0.10856638016989795,-4.077190486907331,-4.185756867077229
401858219,29,15,-4.126134893757717,2,Pass Incompletion,True,-4.083653455497618,-4.126134893757717,-0.04248143826009887
401858221,8,2,-5.3043171512469796,2,Fumble Recovery (Opponent),True,-0.9222448802786785,-5.3043171512469796,-4.382072270968301
401858440,6,11,-3.9800351730423404,2,Pass Reception,True,-2.2227521837336752,-3.9800351730423404,-1.7572829893086652
401858440,11,6,-2.603767605476307,2,Fumble Recovery (Opponent),True,-0.36066820961998225,-2.603767605476307,-2.2430993958563246
401858441,4,6,-4.147391616280074,2,Pass Interception Return,True,-0.2419842648652617,-4.147391616280074,-3.905407351414812
401858442,4,5,-5.082319366754116,2,Pass Interception Return,True,0.033899792687010155,-5.082319366754116,-5.116219159441126
401858442,5,4,-4.173464997844871,2,Pass Incompletion,True,-4.148647298745598,-4.173464997844871,-0.024817699099273227
401858443,1,8,-0.38300274835815884,2,Fumble Recovery (Own),True,-0.17684700149536337,-0.38300274835815884,-0.20615574686279547
401858443,5,10,-4.479987415036412,2,Pass Interception Return,True,-4.455169715937139,-4.479987415036412,-0.024817699099273227
401858443,7,12,-3.6978724410639607,2,Sack,True,-1.6508760817434514,-3.6978724410639607,-2.0469963593205094
401858443,18,4,-4.183630526972241,2,Pass Interception Return,True,0.2119218443902362,-4.183630526972241,-4.395552371362477
401858443,22,7,-4.098505786318902,2,Pass Incompletion,True,-0.393441257891026,-4.098505786318902,-3.705064528427876
401858444,7,5,-4.05183244218159,2,Rush,True,-2.0048360828610807,-4.05183244218159,-2.0469963593205094
401858444,17,6,-4.044037543587027,2,Pass Incompletion,True,0.019236295499302614,-4.044037543587027,-4.06327383908633
401858444,21,5,-4.054060456932715,2,Pass Incompletion,True,0.15763835846917296,-4.054060456932715,-4.211698815401888
401858445,1,6,-3.932002052933518,2,Pass Interception Return,True,-0.07244060786506878,-3.932002052933518,-3.859561445068449
401858446,4,12,-4.1519713696642135,2,Pass Incompletion,True,-2.5810280388053624,-4.1519713696642135,-1.5709433308588512
401858446,5,6,-4.156485795796778,2,Rush,True,-1.3413833334819856,-4.156485795796778,-2.815102462314792
401858446,11,2,-3.815152282442183,2,Pass Interception Return,True,-1.9623448902175138,-3.815152282442183,-1.852807392224669
401858446,20,7,-3.852433966402507,2,Interception,True,-0.26531632391252824,-3.852433966402507,-3.5871176424899787
401858446,24,9,-5.840600094858601,2,Pass Interception Return,True,-1.9810386497901522,-5.840600094858601,-3.859561445068449
401859184,10,4,-4.649109323329091,2,Fumble Recovery (Opponent),True,0.29840090560563226,-4.649109323329091,-4.947510228934723
401859184,19,13,-4.059040246482985,2,Pass Incompletion,False,-3.8812262025078628,-4.059040246482985,-0.1778140439751219
401860881,5,16,-4.173464997844871,2,Pass Incompletion,True,-4.148647298745598,-4.173464997844871,-0.024817699099273227
401860881,10,6,-3.5929535055963653,2,Pass Interception Return,True,-3.38679775873357,-3.5929535055963653,-0.20615574686279547
401860881,18,7,-3.6087010393019465,2,Sack,True,-2.7543193827177372,-3.6087010393019465,-0.8543816565842093
401860881,20,12,-1.804730321976323,2,Pass Reception,True,-0.04744733266765788,-1.804730321976323,-1.7572829893086652
401860883,1,10,-4.325408323399105,2,Rush,True,-3.90477765060278,-4.325408323399105,-0.4206306727963254
401860883,10,4,-5.8980805749455065,2,Pass Interception Return,True,-1.9494892064222498,-5.8980805749455065,-3.9485913685232568
401860883,12,9,-3.543321131566131,2,Pass Incompletion,True,-1.1050243436054465,-3.543321131566131,-2.4382967879606845
401860883,14,9,-3.906976803601852,2,Pass Incompletion,True,-1.183590040918217,-3.906976803601852,-2.723386762683635
401860883,18,14,-3.493043909919235,2,Pass Incompletion,False,-2.823578699736391,-3.493043909919235,-0.6694652101828442
401860884,3,5,-4.1607428882564035,2,Interception,True,-0.8469767245363604,-4.1607428882564035,-3.313766163720043
401860884,12,18,-2.45071926138357,2,Pass Reception,True,-1.836777056988673,-2.45071926138357,-0.6139422043948972
401860884,17,10,-4.169776150563024,2,Pass Incompletion,True,-3.7049587331146814,-4.169776150563024,-0.4648174174483426
401862702,18,2,-5.857947215383168,2,Fumble Recovery (Opponent),True,-2.0469963593205094,-5.857947215383168,-3.810950856062659
401862703,6,3,-3.8063925007250052,2,Fumble Recovery (Opponent),True,-0.21927485823502657,-3.8063925007250052,-3.5871176424899787
401862703,9,10,-4.112781013809076,2,Pass Incompletion,True,-3.90662526694628,-4.112781013809076,-0.20615574686279547
401862703,14,3,-5.33628696515582,2,Pass Interception Return,True,-1.9494892064222498,-5.33628696515582,-3.38679775873357
401862703,21,5,-3.8494092444880463,2,Pass Incompletion,True,-0.32592332955511427,-3.8494092444880463,-3.523485914932932
401862705,5,4,-6.472160730522608,2,Fumble Recovery (Opponent),True,-3.2344912821598566,-6.472160730522608,-3.2376694483627517
401862705,13,19,-4.2225661732744895,2,Rush,True,-4.214246025143899,-4.2225661732744895,-0.008320148130590788
401862705,17,12,-4.201416402394975,2,Fumble Recovery (Opponent),True,-4.074923614297026,-4.201416402394975,-0.1264927880979494
401862705,21,9,-3.7940030438589574,2,Pass Incompletion,False,-1.0706162811753224,-3.7940030438589574,-2.723386762683635
401862705,23,5,-2.9993656201193435,2,Interception,False,-2.144983963535134,-2.9993656201193435,-0.8543816565842093
401862707,2,13,-4.069497712664701,2,Pass Reception,True,-3.9661911734457274,-4.069497712664701,-0.10330653921897337
401862707,19,6,-4.328880399889348,2,Sack,True,-1.6054936372057131,-4.328880399889348,-2.723386762683635
401862707,20,10,-2.4316930886590615,2,Pass Incompletion,True,-0.8607497578002103,-2.4316930886590615,-1.5709433308588512
401862707,21,19,-4.5087883211866115,2,Fumble Recovery (Own),True,-3.947407842189408,-4.5087883211866115,-0.5613804789972034
401862708,1,11,-3.8946082520692293,2,Pass Incompletion,True,-1.3599249495805559,-3.8946082520692293,-2.5346833024886735
401862708,7,4,-4.268506057186585,2,Rush,True,-3.4141244006023754,-4.268506057186585,-0.8543816565842093
401862708,8,2,-4.231637683010486,2,Pass Interception Return,True,0.17656960791892384,-4.231637683010486,-4.408207290929409
401862708,16,10,-4.917927962496719,2,Pass Interception Return,True,-3.160644973188054,-4.917927962496719,-1.7572829893086652
401862708,18,10,-3.8045219372122308,2,Pass Incompletion,True,-0.9894194748974385,-3.8045219372122308,-2.815102462314792
401864502,8,6,-3.442620502716868,2,Pass Interception Return,True,-0.2840324348382408,-3.442620502716868,-3.158588067878627
401864571,11,7,-3.418821061234995,2,Pass Incompletion,True,-2.804878856840098,-3.418821061234995,-0.6139422043948972
401864575,6,7,-4.605166846544762,2,Rush,True,-2.8478838572360967,-4.605166846544762,-1.7572829893086652
401864575,19,5,-4.037152452383831,2,Pass Incompletion,True,0.19883307347773815,-4.037152452383831,-4.235985525861569
401864575,20,8,-2.4995128985046193,2,Pass Incompletion,True,0.13030432011607473,-2.4995128985046193,-2.629817218620694
401864578,1,8,-5.2641748675386335,2,Fumble Recovery (Opponent),True,-3.4113674753139644,-5.2641748675386335,-1.852807392224669
401864578,16,6,-0.9175447858042114,2,Pass Interception Return,True,-0.12790187999360825,-0.9175447858042114,-0.7896429058106031
401864578,20,7,-4.2789136255033,2,Pass Incompletion,True,-0.8222010336377643,-4.2789136255033,-3.4567125918655357
401864578,22,7,-5.995587727843766,2,Pass Interception Return,True,-3.9485913685232568,-5.995587727843766,-2.0469963593205094
401866414,3,11,-3.0235942574476162,2,Pass Reception,True,-1.3603636471772305,-3.0235942574476162,-1.6632306102703858
401866414,6,4,-4.261144013872363,2,Pass Incompletion,True,-3.5916788036895184,-4.261144013872363,-0.6694652101828442
401866414,12,7,-4.1700379984990965,2,Pass Incompletion,True,-0.7832402397655267,-4.1700379984990965,-3.38679775873357
401866414,15,5,-5.557871920652545,2,Fumble Recovery (Opponent),True,-3.705064528427876,-5.557871920652545,-1.852807392224669
401866414,26,8,-4.441533609746055,2,Pass Interception Return,True,-0.7364690813181793,-4.441533609746055,-3.705064528427876
401866418,1,2,-0.4526036793220376,2,Rush,True,-0.45260367932203766,-0.4526036793220376,5.551115123125783e-17
401866418,1,3,0.42956981737308997,2,Pass Reception,True,0.4295698173730899,0.42956981737308997,5.551115123125783e-17
401866418,1,6,0.23680598644678064,2,Rush,True,0.2368059864467807,0.23680598644678064,-5.551115123125783e-17
401866418,2,5,0.22683600786342417,2,Rush,True,0.226836007863424,0.22683600786342417,1.6653345369377348e-16
401866418,2,7,1.1076786914763286,2,Pass Reception,True,1.1076786914763288,1.1076786914763286,-2.220446049250313e-16
401866418,2,8,1.0108684206588379,2,Rush,True,1.0108684206588376,1.0108684206588379,2.220446049250313e-16
401866418,2,9,-0.9690270974076256,2,Pass Incompletion,True,-0.9690270974076257,-0.9690270974076256,1.1102230246251565e-16
401866418,2,10,0.5200476199409518,2,Pass Reception,True,0.520047619940952,0.5200476199409518,-2.220446049250313e-16
401866418,2,11,1.0735606503785835,2,Rush,True,1.073560650378583,1.0735606503785835,4.440892098500626e-16
401866418,2,12,0.23010209503302903,2,Pass Reception,True,0.230102095033029,0.23010209503302903,2.7755575615628914e-17
401866418,2,13,-0.6208441978736978,2,Rush,True,-0.6208441978736974,-0.6208441978736978,-4.440892098500626e-16
401866418,3,3,0.14709148592460153,2,Rush,True,0.1470914859246016,0.14709148592460153,-8.326672684688674e-17
401866418,5,1,-0.928864761584089,2,Rush,True,-0.9288647615840891,-0.928864761584089,1.1102230246251565e-16
401866418,7,2,-0.15959526735071883,2,Rush,True,-0.1595952673507188,-0.15959526735071883,-2.7755575615628914e-17
401866418,7,3,-0.3911944730186985,2,Rush,True,-0.3911944730186984,-0.3911944730186985,-5.551115123125783e-17
401866418,7,5,0.10790442324391947,2,Rush,True,0.1079044232439195,0.10790442324391947,-2.7755575615628914e-17
401866418,7,6,0.39352186368100384,2,Rush,True,0.393521863681004,0.39352186368100384,-1.6653345369377348e-16
401866418,7,7,-0.5353317073575514,2,Fumble Recovery (Own),True,-0.535331707357552,-0.5353317073575514,5.551115123125783e-16
401866418,7,8,0.4821018136580104,2,Rush,True,0.482101813658011,0.4821018136580104,-6.106226635438361e-16
401866418,7,9,-0.12212421457802058,2,Rush,True,-0.122124214578021,-0.12212421457802058,4.163336342344337e-16
401866418,7,11,0.6583726512508576,2,Rush,True,0.6583726512508573,0.6583726512508576,3.3306690738754696e-16
401866418,7,12,-0.39969904896229735,2,Sack,True,-0.399699048962297,-0.39969904896229735,-3.3306690738754696e-16
401866418,7,13,-0.03256029297951635,2,Rush,True,-0.032560292979516,-0.03256029297951635,-3.469446951953614e-16
401866418,7,14,2.9460861841912553,2,Passing Touchdown,True,2.946086184191255,2.9460861841912553,4.440892098500626e-16
401866418,8,6,-0.09452437385875889,2,Rush,True,-0.0945243738587589,-0.09452437385875889,1.3877787807814457e-17
401866418,8,8,-0.05944949071433214,2,Rush,True,-0.059449490714332,-0.05944949071433214,-1.457167719820518e-16
401866418,8,10,-0.36317306286617956,2,Pass Reception,True,-0.3631730628661797,-0.36317306286617956,1.1102230246251565e-16
401866418,8,13,1.4046924313596012,2,Pass Reception,True,1.404692431359601,1.4046924313596012,2.220446049250313e-16
401866418,8,15,-0.8547012276501249,2,Rush,True,-0.854701227650125,-0.8547012276501249,1.1102230246251565e-16
401866418,8,18,0.1519262620431494,2,Rush,True,0.151926262043149,0.1519262620431494,4.163336342344337e-16
401866418,8,20,-0.22118208350967272,2,Rush,True,-0.221182083509672,-0.22118208350967272,-7.216449660063518e-16
401866418,10,2,-4.827652231693491,2,Fumble Recovery (Opponent),True,-0.9222448802786785,-4.827652231693491,-3.905407351414812
401866418,11,1,-0.2474031155320393,2,Rush,True,-0.247403115532039,-0.2474031155320393,-3.0531133177191805e-16
401866418,11,3,0.2536010963665358,2,Pass Reception,True,0.2536010963665357,0.2536010963665358,1.1102230246251565e-16
401866418,12,3,-0.12804590180850717,2,Rush,True,-0.1280459018085072,-0.12804590180850717,2.7755575615628914e-17
401866418,12,10,-0.35271563000548056,2,Pass Reception,True,-0.3527156300054807,-0.35271563000548056,1.1102230246251565e-16
401866418,12,11,0.6976490818485601,2,Pass Reception,True,0.6976490818485597,0.6976490818485601,4.440892098500626e-16
401866418,12,12,-0.35074074843904235,2,Pass Incompletion,True,-0.350740748439042,-0.35074074843904235,-3.3306690738754696e-16
401866418,12,13,1.4780817247782956,2,Rush,True,1.478081724778296,1.4780817247782956,-4.440892098500626e-16
401866418,12,14,-0.8694385077166231,2,Fumble Recovery (Own),True,-0.8694385077166235,-0.8694385077166231,3.3306690738754696e-16
401866418,13,3,-0.43097999519788033,2,Rush,True,-0.4309799951978805,-0.43097999519788033,1.6653345369377348e-16
401866418,13,4,1.3530092845747426,2,Rush,True,1.3530092845747428,1.3530092845747426,-2.220446049250313e-16
401866418,13,6,0.07298865273317467,2,Rush,True,0.0729886527331746,0.07298865273317467,6.938893903907228e-17
401866418,13,7,-0.16240062670905964,2,Rush,True,-0.1624006267090595,-0.16240062670905964,-1.3877787807814457e-16
401866418,13,9,-0.2434763543774956,2,Rush,True,-0.2434763543774955,-0.2434763543774956,-8.326672684688674e-17
401866418,13,10,0.42182130327562817,2,Rush,True,0.421821303275628,0.42182130327562817,1.6653345369377348e-16
401866418,13,11,-0.09491131630281835,2,Rush,True,-0.094911316302818,-0.09491131630281835,-3.469446951953614e-16
401866418,13,12,-0.2859591845252982,2,Pass Reception,True,-0.2859591845252985,-0.2859591845252982,2.7755575615628914e-16
401866418,13,13,-0.10373604300557915,2,Rush,True,-0.1037360430055792,-0.10373604300557915,5.551115123125783e-17
401866418,14,3,1.1281939667229715,2,Rush,True,1.1281939667229712,1.1281939667229715,2.220446049250313e-16
401866418,14,4,-0.16704696516247353,2,Pass Reception,True,-0.1670469651624733,-0.16704696516247353,-2.220446049250313e-16
401866418,14,5,-0.16496233002597194,2,Rush,True,-0.164962330025972,-0.16496233002597194,5.551115123125783e-17
401866418,14,7,-0.6304412236210499,2,Rush,True,-0.63044122362105,-0.6304412236210499,1.1102230246251565e-16
401866418,14,8,-0.1628827824211143,2,Rush,True,-0.162882782421114,-0.1628827824211143,-3.0531133177191805e-16
401866418,14,9,-1.646036312179402,2,Rush,True,-1.6460363121794022,-1.646036312179402,2.220446049250313e-16
401866418,15,1,0.3815790642271182,2,Rush,True,0.38157906422711824,0.3815790642271182,-5.551115123125783e-17
401866418,15,2,-0.3619908553992559,2,Rush,True,-0.36199085539925596,-0.3619908553992559,5.551115123125783e-17
401866418,15,4,-0.24791478712197268,2,Rush,True,-0.24791478712197265,-0.24791478712197268,-2.7755575615628914e-17
401866418,15,5,1.7234335404742627,2,Pass Reception,True,1.7234335404742624,1.7234335404742627,2.220446049250313e-16
401866418,15,6,1.0249684172285605,2,Rush,True,1.0249684172285607,1.0249684172285605,-2.220446049250313e-16
401866418,15,7,-0.09331958465663348,2,Rush,True,-0.0933195846566337,-0.09331958465663348,2.220446049250313e-16
401866418,15,8,0.8604842386778611,2,Rush,True,0.8604842386778613,0.8604842386778611,-2.220446049250313e-16
401866418,15,9,0.09029418143812151,2,Pass Reception,True,0.0902941814381217,0.09029418143812151,-1.942890293094024e-16
401866418,15,10,-1.2461685303732626,2,Pass Reception,True,-1.246168530373263,-1.2461685303732626,4.440892098500626e-16
401866418,15,12,1.8450328800233482,2,Pass Reception,True,1.8450328800233484,1.8450328800233482,-2.220446049250313e-16
401866418,15,13,0.8439801795155226,2,Pass Reception,True,0.843980179515522,0.8439801795155226,6.661338147750939e-16
401866418,15,14,-0.11140252961680375,2,Pass Reception,True,-0.111402529616803,-0.11140252961680375,-7.494005416219807e-16
401866418,15,15,-0.28196277900051925,2,Rush,True,-0.28196277900052,-0.28196277900051925,7.771561172376096e-16
401866418,15,17,1.5207062849565762,2,Rush,True,1.520706284956577,1.5207062849565762,-6.661338147750939e-16
401866418,15,18,-0.4359005047416691,2,Rush,True,-0.435900504741669,-0.4359005047416691,-5.551115123125783e-17
401866418,15,19,-0.5536459917065439,2,Rush,True,-0.553645991706544,-0.5536459917065439,1.1102230246251565e-16
401866418,15,21,2.4539982291795503,2,Rushing Touchdown,True,2.45399822917955,2.4539982291795503,4.440892098500626e-16
401866418,16,5,0.4012419719961233,2,Pass Reception,True,0.4012419719961234,0.4012419719961233,-5.551115123125783e-17
401866418,16,6,-1.2366597941043285,2,Pass Incompletion,True,-1.2366597941043287,-1.2366597941043285,2.220446049250313e-16
401866418,16,8,0.5750427781648639,2,Rush,True,0.575042778164864,0.5750427781648639,-1.1102230246251565e-16
401866418,16,10,1.2167883495782004,2,Pass Reception,True,1.2167883495782,1.2167883495782004,4.440892098500626e-16
401866418,16,11,-0.4161595406420169,2,Rush,True,-0.416159540642017,-0.4161595406420169,1.1102230246251565e-16
401866418,16,13,-0.6923620959830696,2,Rush,True,-0.692362095983069,-0.6923620959830696,-6.661338147750939e-16
401866418,17,2,-0.18844648501872463,2,Rush,False,-0.1884464850187245,-0.18844648501872463,-1.3877787807814457e-16
401866418,17,3,0.2771979520489456,2,Rush,False,0.2771979520489454,0.2771979520489456,2.220446049250313e-16
401866418,17,4,-0.18946051482277504,2,Rush,False,-0.189460514822775,-0.18946051482277504,-2.7755575615628914e-17
401866418,18,1,-0.45227789462002654,2,Rush,False,-0.4522778946200265,-0.45227789462002654,-5.551115123125783e-17
401866418,18,3,-0.6812470723033055,2,Rush,False,-0.6812470723033057,-0.6812470723033055,2.220446049250313e-16
401866418,19,1,-0.5636556424854966,2,Rush,False,-0.5636556424854965,-0.5636556424854966,-1.1102230246251565e-16
401866418,19,2,-0.49702276699929726,2,Pass Reception,False,-0.4970227669992974,-0.49702276699929726,1.6653345369377348e-16
401866418,20,1,0.647740823163435,2,Rush,False,0.6477408231634345,0.647740823163435,4.440892098500626e-16
401866418,20,2,-0.48658567594322477,2,Rush,False,-0.486585675943224,-0.48658567594322477,-7.771561172376096e-16
401866418,20,3,0.3033537727246962,2,Rush,False,0.303353772724696,0.3033537727246962,2.220446049250313e-16
401866418,20,4,-0.42279876986063414,2,Rush,False,-0.422798769860634,-0.42279876986063414,-1.1102230246251565e-16
401866418,20,5,-0.6680902553615162,2,Rush,False,-0.6680902553615164,-0.6680902553615162,2.220446049250313e-16
401867796,6,4,-4.022537898849733,2,Fumble Recovery (Opponent),True,-0.26305752474625255,-4.022537898849733,-3.7594803741034806
401867796,11,2,-3.4519070497790008,2,Pass Interception Return,True,-1.2088076539226762,-3.4519070497790008,-2.2430993958563246
401867796,14,13,-5.210619113231356,2,Pass Interception Return,True,-3.9034056321356996,-5.210619113231356,-1.3072134810956566
401867796,18,10,-3.7571669611109133,2,Pass Incompletion,True,-1.5140675652545887,-3.7571669611109133,-2.2430993958563246
401867796,20,4,-4.813025923809068,2,Pass Interception Return,True,-0.33476533717699297,-4.813025923809068,-4.478260586632075
401867796,24,6,-4.622008965398324,2,Fumble Recovery (Opponent),True,-0.23993669443002297,-4.622008965398324,-4.382072270968301
401867796,28,9,-4.359299533605663,2,Sack,True,-0.8358136186727307,-4.359299533605663,-3.523485914932932
401869955,14,3,-3.3282263201675164,2,Interception,True,-1.5709433308588512,-3.3282263201675164,-1.7572829893086652
401869955,17,5,-4.124735090521584,2,Pass Incompletion,True,0.11125043533998458,-4.124735090521584,-4.235985525861569
401869955,19,2,-3.7393646230428432,2,Interception,True,0.20922674548041353,-3.7393646230428432,-3.9485913685232568
401869955,20,6,-4.277798114531178,2,Pass Incompletion,True,-3.1334308267972304,-4.277798114531178,-1.1443672877339477
401856693,8,2,0.07236010669122273,3,Pass Reception,True,-1.1618692012952412,0.07236010669122273,1.234229307986464
401856693,8,3,-1.0898073786365803,3,Rush,True,0.07236010669122273,-1.0898073786365803,-1.162167485327803
401856693,8,4,-3.781739737805788,3,Pass Incompletion,True,-1.0898073786365803,-3.781739737805788,-2.6919323591692077
