candidate_id_0,season_0,week_0,game_id_0,cutoff_utc_0,team,offense_rating_0,offense_variance_0,defense_rating_0,defense_variance_0,overall_rating_0,overall_variance_0,candidate_id_1,season_1,week_1,game_id_1,cutoff_utc_1,offense_rating_1,offense_variance_1,defense_rating_1,defense_variance_1,overall_rating_1,overall_variance_1,d_offense,r0_offense,r1_offense,dr_offense,d_defense,r0_defense,r1_defense,dr_defense,d_overall,r0_overall,r1_overall,dr_overall
ppp__rho_0_60__exposure__game_at_cutoff_v1,2026,5,,2026-09-27 14:15:00+00:00,Air Force,0.8913344900509311,0.36410256410256414,-0.11645415476232089,0.36261022927689596,0.3874401676443051,0.18167819834486504,ppp__rho_0_60__exposure__game_at_cutoff_v1,2026,5,,2026-09-27 14:15:00+00:00,0.7460564867329208,0.36410256410256414,-0.07130372763677822,0.36261022927689596,0.3373763795480713,0.18167819834486504,-0.14527800331801033,41.0,48.0,-7.0,0.045150427125542666,109.0,112.0,-3.0,-0.0500637880962338,72.0,75.0,-3.0
ppp__rho_0_60__exposure__game_at_cutoff_v1,2026,5,,2026-09-27 14:15:00+00:00,Akron,-0.6982068955616257,0.1901491188431993,-0.638107515253465,0.1902415916627191,-0.6681572054075453,0.0950976776264796,ppp__rho_0_60__exposure__game_at_cutoff_v1,2026,5,,2026-09-27 14:15:00+00:00,-0.6949535619119912,0.1901491188431993,-0.5321815318694195,0.1902415916627191,-0.6135675468907054,0.0950976776264796,0.0032533336496345377,136.0,133.0,3.0,0.10592598338404546,134.0,134.0,0.0,0.054589658516839945,137.0,135.0,2.0
ppp__rho_0_60__exposure__game_at_cutoff_v1,2026,5,,2026-09-27 14:15:00+00:00,Alabama,2.001615657007896,0.142548596112311,0.9815808760285264,0.13995771670190274,1.491598266518211,0.07062657820355343,ppp__rho_0_60__exposure__game_at_cutoff_v1,2026,5,,2026-09-27 14:15:00+00:00,2.0077183346713703,0.142548596112311,0.9168996211278346,0.13995771670190274,1.4623089778996023,0.07062657820355343,0.006102677663474498,5.0,4.0,1.0,-0.06468125490069176,18.0,28.0,-10.0,-0.02928928861860869,6.0,7.0,-1.0
ppp__rho_0_60__exposure__game_at_cutoff_v1,2026,5,,2026-09-27 14:15:00+00:00,Appalachian State,0.24474647004154151,0.15641768950841917,-0.05582108643383707,0.16630196936542668,0.09446269180385222,0.08067991471846146,ppp__rho_0_60__exposure__game_at_cutoff_v1,2026,5,,2026-09-27 14:15:00+00:00,0.010704831155402252,0.15641768950841917,-0.06936374090329185,0.16630196936542668,-0.0293294548739448,0.08067991471846146,-0.23404163888613927,83.0,95.0,-12.0,-0.013542654469454782,104.0,111.0,-7.0,-0.12379214667779702,99.0,111.0,-12.0
ppp__rho_0_60__exposure__game_at_cutoff_v1,2026,5,,2026-09-27 14:15:00+00:00,Arizona,1.1213045716631846,0.18588640275387264,0.31627748879480744,0.18998758791890774,0.718791030228996,0.0939684976681951,ppp__rho_0_60__exposure__game_at_cutoff_v1,2026,5,,2026-09-27 14:15:00+00:00,1.1186378290004642,0.18588640275387264,0.2907570180916231,0.18998758791890774,0.7046974235460436,0.0939684976681951,-0.0026667426627204893,26.0,23.0,3.0,-0.02552047070318436,78.0,81.0,-3.0,-0.014093606682952453,43.0,42.0,1.0
ppp__rho_0_60__exposure__game_at_cutoff_v1,2026,5,,2026-09-27 14:15:00+00:00,Arizona State,-0.19302687987161646,0.20420773870825362,0.5155963847575339,0.2097503769475624,0.1612847524429587,0.10348952891395401,ppp__rho_0_60__exposure__game_at_cutoff_v1,2026,5,,2026-09-27 14:15:00+00:00,-0.19549686409533304,0.20420773870825362,0.4963220326268996,0.2097503769475624,0.1504125842657833,0.10348952891395401,-0.0024699842237165814,111.0,111.0,0.0,-0.019274352130634276,59.0,60.0,-1.0,-0.0108721681771754,92.0,98.0,-6.0
ppp__rho_0_60__exposure__game_at_cutoff_v1,2026,5,,2026-09-27 14:15:00+00:00,Arkansas,0.7668360009413402,0.20468277945619337,0.4599918226191547,0.2050163576881134,0.6134139117802475,0.1024247842860767,ppp__rho_0_60__exposure__game_at_cutoff_v1,2026,5,,2026-09-27 14:15:00+00:00,0.740942278734964,0.20468277945619337,0.5126780406145995,0.2050163576881134,0.6268101596747817,0.1024247842860767,-0.025893722206376202,49.0,49.0,0.0,0.05268621799544482,62.0,58.0,4.0,0.013396247894534197,54.0,48.0,6.0
ppp__rho_0_60__exposure__game_at_cutoff_v1,2026,5,,2026-09-27 14:15:00+00:00,Arkansas State,-0.139559998693106,0.18195537350436564,-0.10178633206322042,0.18185558527052048,-0.12067316537816322,0.09095273969372153,ppp__rho_0_60__exposure__game_at_cutoff_v1,2026,5,,2026-09-27 14:15:00+00:00,-0.18183474918079778,0.18195537350436564,-0.012673276775218173,0.18185558527052048,-0.09725401297800798,0.09095273969372153,-0.042274750487691776,107.0,109.0,-2.0,0.08911305528800224,108.0,106.0,2.0,0.02341915240015524,116.0,116.0,0.0
ppp__rho_0_60__exposure__game_at_cutoff_v1,2026,5,,2026-09-27 14:15:00+00:00,Army,0.40330872768959897,0.38001514004542014,0.1629261839595834,0.2659974905897114,0.2831174558245912,0.16150315765878287,ppp__rho_0_60__exposure__game_at_cutoff_v1,2026,5,,2026-09-27 14:15:00+00:00,0.6339226298544716,0.2662070794113748,0.17985980806390495,0.2659974905897114,0.40689121895918823,0.13305114250027156,0.2306139021648726,72.0,58.0,14.0,0.01693362410432156,86.0,84.0,2.0,0.12377376313459704,81.0,68.0,13.0
ppp__rho_0_60__exposure__game_at_cutoff_v1,2026,5,,2026-09-27 14:15:00+00:00,Auburn,0.7153967222470696,0.14529008550632463,0.8780546857043487,0.14296814296814297,0.7967257039757092,0.0720645571186169,ppp__rho_0_60__exposure__game_at_cutoff_v1,2026,5,,2026-09-27 14:15:00+00:00,0.7772395543938392,0.14529008550632463,0.940886405486789,0.14296814296814297,0.8590629799403141,0.0720645571186169,0.061842832146769555,52.0,43.0,9.0,0.06283171978244029,26.0,25.0,1.0,0.06233727596460492,37.0,28.0,9.0
ppp__rho_0_60__exposure__game_at_cutoff_v1,2026,5,,2026-09-27 14:15:00+00:00,BYU,0.9178636472613123,0.23511904761904764,0.9020741190683659,0.2415747706894775,0.9099688831648391,0.11917345457713129,ppp__rho_0_60__exposure__game_at_cutoff_v1,2026,5,,2026-09-27 14:15:00+00:00,0.8876336555493302,0.23511904761904764,0.8974942593226615,0.2415747706894775,0.8925639574359958,0.11917345457713129,-0.03022999171198215,38.0,39.0,-1.0,-0.004579859745704407,23.0,30.0,-7.0,-0.017404925728843335,22.0,25.0,-3.0
ppp__rho_0_60__exposure__game_at_cutoff_v1,2026,5,,2026-09-27 14:15:00+00:00,Ball State,-0.7751044344473682,0.21020092735703244,-0.7695656208121895,0.27486437613019893,-0.7723350276297789,0.12126632587180784,ppp__rho_0_60__exposure__game_at_cutoff_v1,2026,5,,2026-09-27 14:15:00+00:00,-0.904042820468583,0.21020092735703244,-0.8178174105500705,0.27486437613019893,-0.8609301155093267,0.12126632587180784,-0.12893838602121477,137.0,138.0,-1.0,-0.04825178973788102,136.0,137.0,-1.0,-0.08859508787954784,138.0,138.0,0.0
ppp__rho_0_60__exposure__game_at_cutoff_v1,2026,5,,2026-09-27 14:15:00+00:00,Baylor,0.5668443269537268,0.15067654858230775,0.7518794994263986,0.15356895356895356,0.6593619131900628,0.07606137553781533,ppp__rho_0_60__exposure__game_at_cutoff_v1,2026,5,,2026-09-27 14:15:00+00:00,0.25407383673457923,0.15067654858230775,0.8550746910824476,0.15356895356895356,0.5545742639085134,0.07606137553781533,-0.31277049021914755,63.0,78.0,-15.0,0.10319519165604896,39.0,32.0,7.0,-0.10478764928154938,48.0,56.0,-8.0
ppp__rho_0_60__exposure__game_at_cutoff_v1,2026,5,,2026-09-27 14:15:00+00:00,Boise State,1.0496768351427077,0.18125824901011878,0.8140928080880743,0.3965147836023425,0.931884821615391,0.14444325815311532,ppp__rho_0_60__exposure__game_at_cutoff_v1,2026,5,,2026-09-27 14:15:00+00:00,0.9161670964610635,0.18125824901011878,1.2762716102416742,0.25660935477907193,1.0962193533513689,0.10946690094729768,-0.13350973868164417,31.0,35.0,-4.0,0.46217880215359997,33.0,7.0,26.0,0.1643345317359779,20.0,16.0,4.0
ppp__rho_0_60__exposure__game_at_cutoff_v1,2026,5,,2026-09-27 14:15:00+00:00,Boston College,-0.06471412800882793,0.16652506372132542,0.8521342805680477,0.166383176124942,0.3937100762796099,0.08322705996156685,ppp__rho_0_60__exposure__game_at_cutoff_v1,2026,5,,2026-09-27 14:15:00+00:00,-0.05246627052513943,0.16652506372132542,0.6984654716109041,0.166383176124942,0.32299960054288235,0.08322705996156685,0.012247857483688507,97.0,102.0,-5.0,-0.15366880895714363,31.0,45.0,-14.0,-0.07071047573672756,71.0,78.0,-7.0
ppp__rho_0_60__exposure__game_at_cutoff_v1,2026,5,,2026-09-27 14:15:00+00:00,Bowling Green,-0.5758987247744289,0.2097630891155889,0.014414317923454793,0.20980223559759245,-0.28074220342548706,0.10489133117829534,ppp__rho_0_60__exposure__game_at_cutoff_v1,2026,5,,2026-09-27 14:15:00+00:00,-0.6830330495200165,0.2097630891155889,0.07258830035731367,0.20980223559759245,-0.30522237458135143,0.10489133117829534,-0.1071343247455876,131.0,132.0,-1.0,0.05817398243385888,100.0,99.0,1.0,-0.024480171155864372,125.0,125.0,0.0
ppp__rho_0_60__exposure__game_at_cutoff_v1,2026,5,,2026-09-27 14:15:00+00:00,Buffalo,-0.23564587582608537,0.22768720641061066,-0.49560831359392893,0.2215574640548104,-0.36562709471000715,0.11231116761635526,ppp__rho_0_60__exposure__game_at_cutoff_v1,2026,5,,2026-09-27 14:15:00+00:00,-0.24349261298499122,0.22768720641061066,-0.4694383331772414,0.2215574640548104,-0.3564654730811163,0.11231116761635526,-0.007846737158905853,116.0,115.0,1.0,0.026169980416687555,131.0,133.0,-2.0,0.009161621628890837,127.0,129.0,-2.0
ppp__rho_0_60__exposure__game_at_cutoff_v1,2026,5,,2026-09-27 14:15:00+00:00,California,-0.10090011683689007,0.16633132126089872,0.26222971275237245,0.1662924603462012,0.08066479795774119,0.08315594540177498,ppp__rho_0_60__exposure__game_at_cutoff_v1,2026,5,,2026-09-27 14:15:00+00:00,-0.11024992466038029,0.16633132126089872,0.22917808135637996,0.1662924603462012,0.059464078347999834,0.08315594540177498,-0.009349807823490222,102.0,104.0,-2.0,-0.03305163139599249,82.0,82.0,0.0,-0.021200719609741354,101.0,102.0,-1.0
ppp__rho_0_60__exposure__game_at_cutoff_v1,2026,5,,2026-09-27 14:15:00+00:00,Central Michigan,-0.175057144761446,0.22801851072780818,-0.32154044717715463,0.2216264521894549,-0.24829879596930032,0.11241124072931577,ppp__rho_0_60__exposure__game_at_cutoff_v1,2026,5,,2026-09-27 14:15:00+00:00,-0.16642876843935486,0.22801851072780818,-0.3173020784854378,0.2216264521894549,-0.2418654234623963,0.11241124072931577,0.008628376322091125,110.0,108.0,2.0,0.004238368691716843,122.0,122.0,0.0,0.0064333725069040115,121.0,123.0,-2.0
ppp__rho_0_60__exposure__game_at_cutoff_v1,2026,5,,2026-09-27 14:15:00+00:00,Charlotte,-0.5337433391311448,0.19003831417624523,-0.19758463120017547,0.17352648118341382,-0.3656639851656601,0.09089119883991476,ppp__rho_0_60__exposure__game_at_cutoff_v1,2026,5,,2026-09-27 14:15:00+00:00,-0.5377387985688147,0.19003831417624523,-0.35233459148597646,0.17352648118341382,-0.44503669502739557,0.09089119883991476,-0.003995459437669879,128.0,129.0,-1.0,-0.15474996028580099,114.0,123.0,-9.0,-0.07937270986173545,128.0,131.0,-3.0
ppp__rho_0_60__exposure__game_at_cutoff_v1,2026,5,,2026-09-27 14:15:00+00:00,Cincinnati,0.8858235945550647,0.16633132126089872,0.5585248325387147,0.17734141290174119,0.7221742135468896,0.08591818354065997,ppp__rho_0_60__exposure__game_at_cutoff_v1,2026,5,,2026-09-27 14:15:00+00:00,0.8904136624252548,0.16633132126089872,0.5800634391826374,0.17734141290174119,0.7352385508039461,0.08591818354065997,0.004590067870190118,43.0,36.0,7.0,0.02153860664392271,55.0,54.0,1.0,0.013064337257056469,42.0,39.0,3.0
ppp__rho_0_60__exposure__game_at_cutoff_v1,2026,5,,2026-09-27 14:15:00+00:00,Clemson,-0.1939336825263685,0.13525043450782115,1.011253432126596,0.14247669773635155,0.4086598748001138,0.06943178306104317,ppp__rho_0_60__exposure__game_at_cutoff_v1,2026,5,,2026-09-27 14:15:00+00:00,0.0038826407236001973,0.13525043450782115,0.9770795452323684,0.14247669773635155,0.4904810929779843,0.06943178306104317,0.1978163232499687,112.0,96.0,16.0,-0.03417388689422762,16.0,22.0,-6.0,0.08182121817787052,69.0,60.0,9.0
ppp__rho_0_60__exposure__game_at_cutoff_v1,2026,5,,2026-09-27 14:15:00+00:00,Coastal Carolina,-0.29382964250412835,0.17329453604914322,0.4390730313412491,0.15948275862068967,0.07262169441856037,0.08319432366745821,ppp__rho_0_60__exposure__game_at_cutoff_v1,2026,5,,2026-09-27 14:15:00+00:00,-0.25270949299537027,0.17329453604914322,0.3444062964142654,0.15948275862068967,0.04584840170944757,0.08319432366745821,0.041120149508758086,120.0,116.0,4.0,-0.09466673492698369,65.0,74.0,-9.0,-0.0267732927091128,102.0,105.0,-3.0
ppp__rho_0_60__exposure__game_at_cutoff_v1,2026,5,,2026-09-27 14:15:00+00:00,Colorado,-0.3584576505135842,0.16998759818106657,0.7288628316896997,0.16986301369863013,0.18520259058805774,0.08496265296992417,ppp__rho_0_60__exposure__game_at_cutoff_v1,2026,5,,2026-09-27 14:15:00+00:00,-0.25460309616892196,0.16998759818106657,0.7329530269257959,0.16986301369863013,0.23917496537843697,0.08496265296992417,0.10385455434466223,121.0,117.0,4.0,0.004090195236096217,42.0,39.0,3.0,0.053972374790379224,90.0,87.0,3.0
ppp__rho_0_60__exposure__game_at_cutoff_v1,2026,5,,2026-09-27 14:15:00+00:00,Colorado State,1.1508824489568548,0.17355889724310777,-0.29290890332875086,0.1662738375830298,0.42898677281405195,0.0849581837065344,ppp__rho_0_60__exposure__game_at_cutoff_v1,2026,5,,2026-09-27 14:15:00+00:00,1.1068062502879497,0.17355889724310777,-0.2714732752582521,0.1662738375830298,0.4176664875148488,0.0849581837065344,-0.04407619866890511,25.0,24.0,1.0,0.021435628070498758,120.0,121.0,-1.0,-0.011320285299203148,66.0,66.0,0.0
ppp__rho_0_60__exposure__game_at_cutoff_v1,2026,5,,2026-09-27 14:15:00+00:00,Connecticut,0.15303336369359424,0.18148085680553214,-0.08630012386611985,0.24182492414878076,0.0333666199137372,0.10582644523857823,ppp__rho_0_60__exposure__game_at_cutoff_v1,2026,5,,2026-09-27 14:15:00+00:00,0.1911301064848767,0.18148085680553214,0.13827027872691236,0.18569332988178444,0.16470019260589452,0.09179354667182915,0.038096742791282445,86.0,83.0,3.0,0.2245704025930322,107.0,92.0,15.0,0.13133357269215734,109.0,95.0,14.0
ppp__rho_0_60__exposure__game_at_cutoff_v1,2026,5,,2026-09-27 14:15:00+00:00,Delaware,0.05554982489958558,0.17732052348891747,-0.08506529874530354,0.1774928294246668,-0.01475773692285898,0.08870333822839607,ppp__rho_0_60__exposure__game_at_cutoff_v1,2026,5,,2026-09-27 14:15:00+00:00,0.03349943986522836,0.17732052348891747,-0.038381483928974974,0.1774928294246668,-0.002441022031873307,0.08870333822839607,-0.022050385034357217,96.0,94.0,2.0,0.046683814816328564,106.0,108.0,-2.0,0.012316714890985674,112.0,108.0,4.0
ppp__rho_0_60__exposure__game_at_cutoff_v1,2026,5,,2026-09-27 14:15:00+00:00,Duke,0.5595505792691098,0.17713943746259725,0.9953005384443528,0.18971668415529905,0.7774255588567314,0.09171403040447407,ppp__rho_0_60__exposure__game_at_cutoff_v1,2026,5,,2026-09-27 14:15:00+00:00,0.3629003145916602,0.17713943746259725,0.9329438766421521,0.18971668415529905,0.6479220956169062,0.09171403040447407,-0.19665026467744956,64.0,73.0,-9.0,-0.062356661802200786,17.0,26.0,-9.0,-0.1295034632398252,39.0,47.0,-8.0
ppp__rho_0_60__exposure__game_at_cutoff_v1,2026,5,,2026-09-27 14:15:00+00:00,East Carolina,-0.23933085263614487,0.16624685138539042,0.31705185870663205,0.2277499290645985,0.03886050303524359,0.09849919511249723,ppp__rho_0_60__exposure__game_at_cutoff_v1,2026,5,,2026-09-27 14:15:00+00:00,-0.2951071465769992,0.16624685138539042,0.15113643145148206,0.2277499290645985,-0.07198535756275858,0.09849919511249723,-0.05577629394085434,117.0,120.0,-3.0,-0.16591542725515,77.0,91.0,-14.0,-0.11084586059800217,107.0,114.0,-7.0
ppp__rho_0_60__exposure__game_at_cutoff_v1,2026,5,,2026-09-27 14:15:00+00:00,Eastern Michigan,-0.10661519805039509,0.13784301212507977,0.22681274407810692,0.16310488823384917,0.06009877301385592,0.07523697508973223,ppp__rho_0_60__exposure__game_at_cutoff_v1,2026,5,,2026-09-27 14:15:00+00:00,-0.04618618958287562,0.13784301212507977,0.16209996679192723,0.16310488823384917,0.0579568886045258,0.07523697508973223,0.06042900846751947,103.0,100.0,3.0,-0.06471277728617969,83.0,90.0,-7.0,-0.002141884409330115,105.0,103.0,2.0
ppp__rho_0_60__exposure__game_at_cutoff_v1,2026,5,,2026-09-27 14:15:00+00:00,Florida,2.6626535183465254,0.17758759026477666,0.3965694993733122,0.17738499171466898,1.5296115088599187,0.08874314549486141,ppp__rho_0_60__exposure__game_at_cutoff_v1,2026,5,,2026-09-27 14:15:00+00:00,2.72986953553889,0.17758759026477666,0.40599321471026056,0.17738499171466898,1.5679313751245754,0.08874314549486141,0.06721601719236459,1.0,1.0,0.0,0.009423715336948357,69.0,66.0,3.0,0.038319866264656666,4.0,4.0,0.0
ppp__rho_0_60__exposure__game_at_cutoff_v1,2026,5,,2026-09-27 14:15:00+00:00,Florida Atlantic,0.642551727552891,0.2572376702139833,-0.05653085099626406,0.14535666218034993,0.29301043827831347,0.10064858309858331,ppp__rho_0_60__exposure__game_at_cutoff_v1,2026,5,,2026-09-27 14:15:00+00:00,0.6559226245787786,0.2572376702139833,0.038714733249420416,0.14535666218034993,0.3473186789140995,0.10064858309858331,0.013370897025887563,55.0,53.0,2.0,0.09524558424568447,105.0,103.0,2.0,0.05430824063578604,79.0,72.0,7.0
ppp__rho_0_60__exposure__game_at_cutoff_v1,2026,5,,2026-09-27 14:15:00+00:00,Florida International,-0.6211892072954078,0.1697304768486524,0.3085546079538362,0.23427889470302027,-0.1563172996707858,0.10100234288791816,ppp__rho_0_60__exposure__game_at_cutoff_v1,2026,5,,2026-09-27 14:15:00+00:00,-0.5692975447992692,0.1697304768486524,0.31437827715141686,0.23427889470302027,-0.12745963382392617,0.10100234288791816,0.051891662496138635,132.0,130.0,2.0,0.00582366919758065,80.0,76.0,4.0,0.028857665846859643,118.0,117.0,1.0
ppp__rho_0_60__exposure__game_at_cutoff_v1,2026,5,,2026-09-27 14:15:00+00:00,Florida State,1.1196358390097476,0.17383263985205732,0.09095383645020383,0.1737876329547503,0.6052948377299757,0.08690506820170191,ppp__rho_0_60__exposure__game_at_cutoff_v1,2026,5,,2026-09-27 14:15:00+00:00,0.982280695222337,0.17383263985205732,0.13340588706487636,0.1737876329547503,0.5578432911436066,0.08690506820170191,-0.13735514378741065,27.0,29.0,-2.0,0.042452050614672526,93.0,93.0,0.0,-0.047451546586369076,56.0,55.0,1.0
ppp__rho_0_60__exposure__game_at_cutoff_v1,2026,5,,2026-09-27 14:15:00+00:00,Fresno State,0.07369565124790962,0.14242455883888483,0.9552116759920408,0.1813186813186813,0.5144536636199752,0.08093581003939154,ppp__rho_0_60__exposure__game_at_cutoff_v1,2026,5,,2026-09-27 14:15:00+00:00,0.1278553945915263,0.14242455883888483,0.8329217203916965,0.15348837209302324,0.4803885574916114,0.07397823273297702,0.05415974334361669,93.0,87.0,6.0,-0.12228995560034428,21.0,33.0,-12.0,-0.03406510612836383,59.0,61.0,-2.0
ppp__rho_0_60__exposure__game_at_cutoff_v1,2026,5,,2026-09-27 14:15:00+00:00,Georgia,2.304827928248628,0.19925512104283058,1.4701947269673517,0.20447939818772443,1.88751132760799,0.10093362980763876,ppp__rho_0_60__exposure__game_at_cutoff_v1,2026,5,,2026-09-27 14:15:00+00:00,2.0517565879484283,0.19925512104283058,1.465403776095397,0.20447939818772443,1.7585801820219127,0.10093362980763876,-0.25307134030019984,3.0,3.0,0.0,-0.00479095087195458,4.0,3.0,1.0,-0.12893114558607732,3.0,3.0,0.0
ppp__rho_0_60__exposure__game_at_cutoff_v1,2026,5,,2026-09-27 14:15:00+00:00,Georgia Southern,0.28641177202836493,0.17724241772424176,-0.023842458589554145,0.1734754292480758,0.1312846567194054,0.08767946174307939,ppp__rho_0_60__exposure__game_at_cutoff_v1,2026,5,,2026-09-27 14:15:00+00:00,0.25307121471704613,0.17724241772424176,0.16395165226812258,0.1734754292480758,0.20851143349258436,0.08767946174307939,-0.0333405573113188,80.0,79.0,1.0,0.18779411085767672,102.0,88.0,14.0,0.07722677677317896,96.0,90.0,6.0
ppp__rho_0_60__exposure__game_at_cutoff_v1,2026,5,,2026-09-27 14:15:00+00:00,Georgia State,0.39967241921393853,0.16649949849548645,0.11073515642901055,0.1734754292480758,0.25520378782147457,0.08499373193589056,ppp__rho_0_60__exposure__game_at_cutoff_v1,2026,5,,2026-09-27 14:15:00+00:00,0.468689154118824,0.16649949849548645,-0.11737929660040519,0.1734754292480758,0.1756549287592094,0.08499373193589056,0.06901673490488547,73.0,66.0,7.0,-0.22811445302941574,92.0,115.0,-23.0,-0.07954885906226516,84.0,94.0,-10.0
ppp__rho_0_60__exposure__game_at_cutoff_v1,2026,5,,2026-09-27 14:15:00+00:00,Georgia Tech,0.27953164055489677,0.19022556390977444,0.041695915601769926,0.1816044134937144,0.16061377807833335,0.09295749435087221,ppp__rho_0_60__exposure__game_at_cutoff_v1,2026,5,,2026-09-27 14:15:00+00:00,-0.016305484581743454,0.19022556390977444,0.189297936809908,0.1816044134937144,0.08649622611408228,0.09295749435087221,-0.29583712513664023,81.0,97.0,-16.0,0.1476020212081381,98.0,83.0,15.0,-0.07411755196425107,93.0,100.0,-7.0
ppp__rho_0_60__exposure__game_at_cutoff_v1,2026,5,,2026-09-27 14:15:00+00:00,Hawai_i,-0.48530476748939283,0.14000559127760692,-0.14689056965529304,0.18137293625088868,-0.31609766857234295,0.0803446318821239,ppp__rho_0_60__exposure__game_at_cutoff_v1,2026,5,,2026-09-27 14:15:00+00:00,-0.448691743268095,0.14000559127760692,0.006232436027088415,0.18137293625088868,-0.2212296536205033,0.0803446318821239,0.03661302422129781,126.0,125.0,1.0,0.15312300568238146,112.0,105.0,7.0,0.09486801495183964,126.0,122.0,4.0
ppp__rho_0_60__exposure__game_at_cutoff_v1,2026,5,,2026-09-27 14:15:00+00:00,Houston,1.6241482066427861,0.18998758791890774,0.12670249611486004,0.1814556331006979,0.875425351378823,0.09286080525490141,ppp__rho_0_60__exposure__game_at_cutoff_v1,2026,5,,2026-09-27 14:15:00+00:00,1.4091913666591185,0.18998758791890774,0.0875720282570624,0.1814556331006979,0.7483816974580905,0.09286080525490141,-0.21495683998366766,12.0,15.0,-3.0,-0.03913046785779764,88.0,96.0,-8.0,-0.12704365392073258,27.0,36.0,-9.0
ppp__rho_0_60__exposure__game_at_cutoff_v1,2026,5,,2026-09-27 14:15:00+00:00,Illinois,1.7613774781355558,0.2100075815011372,-0.3638731615602702,0.21025965801139962,0.6987521582876428,0.10506680987813422,ppp__rho_0_60__exposure__game_at_cutoff_v1,2026,5,,2026-09-27 14:15:00+00:00,1.64303326803302,0.2100075815011372,-0.4492320657530323,0.21025965801139962,0.5969006011399938,0.10506680987813422,-0.11834421010253582,8.0,13.0,-5.0,-0.0853589041927621,123.0,131.0,-8.0,-0.10185155714764904,47.0,51.0,-4.0
ppp__rho_0_60__exposure__game_at_cutoff_v1,2026,5,,2026-09-27 14:15:00+00:00,Indiana,1.6840189540814414,0.1993110630457422,1.2996658040553968,0.204311152764761,1.491842379068419,0.10090555395262579,ppp__rho_0_60__exposure__game_at_cutoff_v1,2026,5,,2026-09-27 14:15:00+00:00,1.739773083856294,0.1993110630457422,1.2706690936838712,0.204311152764761,1.5052210887700825,0.10090555395262579,0.0557541297748525,10.0,10.0,0.0,-0.028996710371525625,7.0,8.0,-1.0,0.01337870970166355,5.0,5.0,0.0
ppp__rho_0_60__exposure__game_at_cutoff_v1,2026,5,,2026-09-27 14:15:00+00:00,Iowa,0.38024474144083786,0.18559218559218557,1.1767754065807317,0.17745526511090953,0.7785100740107848,0.09076186267577377,ppp__rho_0_60__exposure__game_at_cutoff_v1,2026,5,,2026-09-27 14:15:00+00:00,0.38287489366729244,0.18559218559218557,1.2084453384335452,0.17745526511090953,0.7956601160504189,0.09076186267577377,0.002630152226454574,75.0,72.0,3.0,0.031669931852813527,9.0,10.0,-1.0,0.017150042039634106,38.0,31.0,7.0
ppp__rho_0_60__exposure__game_at_cutoff_v1,2026,5,,2026-09-27 14:15:00+00:00,Iowa State,0.7109974445062052,0.18570683359415754,0.8944838807788096,0.242152466367713,0.8027406626425073,0.10696482499046764,ppp__rho_0_60__exposure__game_at_cutoff_v1,2026,5,,2026-09-27 14:15:00+00:00,0.7579029670624592,0.18570683359415754,0.8115772993038494,0.242152466367713,0.7847401331831543,0.10696482499046764,0.04690552255625402,53.0,46.0,7.0,-0.08290658147496022,25.0,35.0,-10.0,-0.018000529459353043,35.0,32.0,3.0
ppp__rho_0_60__exposure__game_at_cutoff_v1,2026,5,,2026-09-27 14:15:00+00:00,Jacksonville State,0.2058861935156023,0.15956622773044152,-0.04228902093933668,0.16614906832298137,0.08179858628813282,0.08142882401335572,ppp__rho_0_60__exposure__game_at_cutoff_v1,2026,5,,2026-09-27 14:15:00+00:00,0.2939596930686598,0.15956622773044152,0.06340943457013623,0.16614906832298137,0.178684563819398,0.08142882401335572,0.08807349955305752,85.0,76.0,9.0,0.1056984555094729,103.0,100.0,3.0,0.0968859775312652,100.0,93.0,7.0
ppp__rho_0_60__exposure__game_at_cutoff_v1,2026,5,,2026-09-27 14:15:00+00:00,James Madison,0.3901507768532153,0.23430962343096237,0.8704973203665248,0.1627472937663307,0.63032404860987,0.09926422929932327,ppp__rho_0_60__exposure__game_at_cutoff_v1,2026,5,,2026-09-27 14:15:00+00:00,0.16348982167506268,0.23430962343096237,0.9308524574437221,0.1627472937663307,0.5471711395593924,0.09926422929932327,-0.22666095517815263,74.0,86.0,-12.0,0.06035513707719731,27.0,27.0,0.0,-0.08315290905047756,51.0,57.0,-6.0
ppp__rho_0_60__exposure__game_at_cutoff_v1,2026,5,,2026-09-27 14:15:00+00:00,Kansas,-0.222062697372693,0.20459063799024038,0.3206576278523124,0.1995317846209256,0.0492974652398097,0.1010306056527915,ppp__rho_0_60__exposure__game_at_cutoff_v1,2026,5,,2026-09-27 14:15:00+00:00,-0.22712680543921446,0.20459063799024038,0.35292742927013593,0.1995317846209256,0.06290031191546074,0.1010306056527915,-0.005064108066521467,115.0,113.0,2.0,0.03226980141782354,76.0,73.0,3.0,0.013602846675651037,106.0,101.0,5.0
ppp__rho_0_60__exposure__game_at_cutoff_v1,2026,5,,2026-09-27 14:15:00+00:00,Kansas State,1.3584662063634474,0.19005145797598627,0.3628915765241779,0.19963943448144986,0.8606788914438126,0.09742272311435904,ppp__rho_0_60__exposure__game_at_cutoff_v1,2026,5,,2026-09-27 14:15:00+00:00,1.373065318524286,0.19005145797598627,0.36125993657700084,0.19963943448144986,0.8671626275506434,0.09742272311435904,0.014599112160838645,20.0,16.0,4.0,-0.001631639947177077,71.0,71.0,0.0,0.00648373610683084,30.0,26.0,4.0
ppp__rho_0_60__exposure__game_at_cutoff_v1,2026,5,,2026-09-27 14:15:00+00:00,Kennesaw State,-0.39402112063960615,0.1944232820356544,-0.13986586949161867,0.19938317912811537,-0.26694349506561244,0.09845161529094244,ppp__rho_0_60__exposure__game_at_cutoff_v1,2026,5,,2026-09-27 14:15:00+00:00,-0.7992455058254877,0.1944232820356544,0.05835945754262578,0.19938317912811537,-0.37044302414143093,0.09845161529094244,-0.40522438518588155,123.0,134.0,-11.0,0.19822532703424445,110.0,101.0,9.0,-0.1034995290758185,124.0,130.0,-6.0
ppp__rho_0_60__exposure__game_at_cutoff_v1,2026,5,,2026-09-27 14:15:00+00:00,Kent State,-0.5069972478353244,0.3321587252949288,-0.575942247690277,0.2958490566037736,-0.5414697477628008,0.1570019454746756,ppp__rho_0_60__exposure__game_at_cutoff_v1,2026,5,,2026-09-27 14:15:00+00:00,-0.46937592859100497,0.3321587252949288,-0.44010993282474137,0.2958490566037736,-0.4547429307078732,0.1570019454746756,0.03762131924431944,127.0,127.0,0.0,0.13583231486553565,132.0,130.0,2.0,0.08672681705492757,135.0,133.0,2.0
ppp__rho_0_60__exposure__game_at_cutoff_v1,2026,5,,2026-09-27 14:15:00+00:00,Kentucky,0.6162027608057987,0.16998759818106657,0.6943269729108204,0.17003841229193342,0.6552648668583095,0.08500650261824999,ppp__rho_0_60__exposure__game_at_cutoff_v1,2026,5,,2026-09-27 14:15:00+00:00,0.5612799351146325,0.16998759818106657,0.642164728849384,0.17003841229193342,0.6017223319820082,0.08500650261824999,-0.054922825691166244,59.0,62.0,-3.0,-0.052162244061436325,45.0,50.0,-5.0,-0.05354253487630134,50.0,50.0,0.0
ppp__rho_0_60__exposure__game_at_cutoff_v1,2026,5,,2026-09-27 14:15:00+00:00,LSU,1.414274107870203,0.1450777202072539,1.2868791774636963,0.14249363867684478,1.3505766426669497,0.07189283972102467,ppp__rho_0_60__exposure__game_at_cutoff_v1,2026,5,,2026-09-27 14:15:00+00:00,1.3412028830671656,0.1450777202072539,1.2211495105276708,0.14249363867684478,1.2811761967974182,0.07189283972102467,-0.0730712248030374,17.0,18.0,-1.0,-0.06572966693602544,8.0,9.0,-1.0,-0.06940044586953142,9.0,11.0,-2.0
ppp__rho_0_60__exposure__game_at_cutoff_v1,2026,5,,2026-09-27 14:15:00+00:00,Liberty,0.8084213064398154,0.19027443428021185,0.06093535914758681,0.1947188791090354,0.4346783327937011,0.09624832834731181,ppp__rho_0_60__exposure__game_at_cutoff_v1,2026,5,,2026-09-27 14:15:00+00:00,0.6888308301516717,0.19027443428021185,0.17826104100255966,0.1947188791090354,0.4335459355771157,0.09624832834731181,-0.11959047628814368,45.0,51.0,-6.0,0.11732568185497284,96.0,85.0,11.0,-0.0011323972165854235,65.0,65.0,0.0
ppp__rho_0_60__exposure__game_at_cutoff_v1,2026,5,,2026-09-27 14:15:00+00:00,Louisiana,0.2561799357395974,0.16645077720207255,0.8657485333476624,0.22892585283338032,0.5609642345436299,0.09884415750886322,ppp__rho_0_60__exposure__game_at_cutoff_v1,2026,5,,2026-09-27 14:15:00+00:00,-0.06959516422227413,0.16645077720207255,0.8574358895061617,0.22892585283338032,0.39392036264194374,0.09884415750886322,-0.32577509996187154,82.0,103.0,-21.0,-0.008312643841500766,29.0,31.0,-2.0,-0.16704387190168613,57.0,70.0,-13.0
ppp__rho_0_60__exposure__game_at_cutoff_v1,2026,5,,2026-09-27 14:15:00+00:00,Louisiana Monroe,-0.21483529033087956,0.20495375783990646,-0.8592609332906992,0.2158530183727034,-0.5370481118107894,0.10520169405315247,ppp__rho_0_60__exposure__game_at_cutoff_v1,2026,5,,2026-09-27 14:15:00+00:00,-0.3862016769246622,0.20495375783990646,-0.8457286327552448,0.2158530183727034,-0.6159651548399535,0.10520169405315247,-0.17136638659378262,114.0,124.0,-10.0,0.0135323005354544,137.0,138.0,-1.0,-0.07891704302916414,134.0,136.0,-2.0
ppp__rho_0_60__exposure__game_at_cutoff_v1,2026,5,,2026-09-27 14:15:00+00:00,Louisiana Tech,0.07989319040051077,0.20980223559759245,0.21864765746386997,0.19929958611907034,0.14927042393219037,0.10227545542916569,ppp__rho_0_60__exposure__game_at_cutoff_v1,2026,5,,2026-09-27 14:15:00+00:00,0.2840762557307708,0.20980223559759245,0.1317345812570304,0.19929958611907034,0.2079054184939006,0.10227545542916569,0.20418306533026,91.0,77.0,14.0,-0.08691307620683958,84.0,94.0,-10.0,0.05863499456171023,95.0,91.0,4.0
ppp__rho_0_60__exposure__game_at_cutoff_v1,2026,5,,2026-09-27 14:15:00+00:00,Louisville,1.1019081799641983,0.21542483660130718,0.32105095956101076,0.15957377688259372,0.7114795697626045,0.09374965337097522,ppp__rho_0_60__exposure__game_at_cutoff_v1,2026,5,,2026-09-27 14:15:00+00:00,0.9687935474591809,0.21542483660130718,0.3374832780234422,0.15957377688259372,0.6531384127413116,0.09374965337097522,-0.13311463250501743,29.0,31.0,-2.0,0.016432318462431428,75.0,75.0,0.0,-0.058341157021292944,45.0,46.0,-1.0
ppp__rho_0_60__exposure__game_at_cutoff_v1,2026,5,,2026-09-27 14:15:00+00:00,Marshall,0.07053691170981412,0.18595450049455983,-0.6034522455858609,0.19956140350877194,-0.26645766693802336,0.09637897600083295,ppp__rho_0_60__exposure__game_at_cutoff_v1,2026,5,,2026-09-27 14:15:00+00:00,0.0748479719698179,0.18595450049455983,-0.39907238066157774,0.19956140350877194,-0.16211220434587992,0.09637897600083295,0.004311060260003788,94.0,90.0,4.0,0.20437986492428312,133.0,125.0,8.0,0.10434546259214345,123.0,121.0,2.0
ppp__rho_0_60__exposure__game_at_cutoff_v1,2026,5,,2026-09-27 14:15:00+00:00,Maryland,0.11375082540950168,0.1774928294246668,0.34869889718915176,0.18993963782696177,0.23122486129932673,0.09185811681290715,ppp__rho_0_60__exposure__game_at_cutoff_v1,2026,5,,2026-09-27 14:15:00+00:00,0.21227050779327766,0.1774928294246668,0.298861684152227,0.18993963782696177,0.25556609597275237,0.09185811681290715,0.09851968238377598,89.0,80.0,9.0,-0.04983721303692473,73.0,79.0,-6.0,0.024341234673425638,86.0,86.0,0.0
ppp__rho_0_60__exposure__game_at_cutoff_v1,2026,5,,2026-09-27 14:15:00+00:00,Memphis,0.7296982195336529,0.22133007505672891,0.06044967712130063,0.16991709435452032,0.3950739483274768,0.09781179235281232,ppp__rho_0_60__exposure__game_at_cutoff_v1,2026,5,,2026-09-27 14:15:00+00:00,0.6089042521688599,0.16968885915021745,0.08534288951282186,0.16991709435452032,0.3471235708408409,0.08490148837618444,-0.12079396736479298,50.0,59.0,-9.0,0.02489321239152123,97.0,98.0,-1.0,-0.04795037748663589,70.0,73.0,-3.0
ppp__rho_0_60__exposure__game_at_cutoff_v1,2026,5,,2026-09-27 14:15:00+00:00,Miami,1.4221802879595051,0.2566563176216013,1.0477693584831982,0.2650334075723831,1.2349748232213518,0.1304224312984961,ppp__rho_0_60__exposure__game_at_cutoff_v1,2026,5,,2026-09-27 14:15:00+00:00,1.6922533502592865,0.2042374784757056,1.1142392327569284,0.2151412429378531,1.4032462915081074,0.10484468035338967,0.27007306229978134,16.0,11.0,5.0,0.06646987427373019,14.0,12.0,2.0,0.16827146828675565,12.0,10.0,2.0
ppp__rho_0_60__exposure__game_at_cutoff_v1,2026,5,,2026-09-27 14:15:00+00:00,Miami (OH),0.40992503663822477,0.2488372093023256,-0.18160797938702816,0.17345597897503284,0.1141585286255983,0.10557329706933961,ppp__rho_0_60__exposure__game_at_cutoff_v1,2026,5,,2026-09-27 14:15:00+00:00,0.438209427431644,0.18980044345898006,-0.017226026459804054,0.17345597897503284,0.21049170048591997,0.09081410560850323,0.028284390793419212,71.0,69.0,2.0,0.1643819529272241,113.0,107.0,6.0,0.09633317186032167,97.0,88.0,9.0
ppp__rho_0_60__exposure__game_at_cutoff_v1,2026,5,,2026-09-27 14:15:00+00:00,Michigan,0.6404977704194771,0.15344506517690876,0.9696094880623904,0.15058470389594147,0.8050536292409338,0.07600744226821256,ppp__rho_0_60__exposure__game_at_cutoff_v1,2026,5,,2026-09-27 14:15:00+00:00,0.6913613191291675,0.15344506517690876,1.0169788440309078,0.15058470389594147,0.8541700815800377,0.07600744226821256,0.050863548709690454,56.0,50.0,6.0,0.047369355968517324,19.0,17.0,2.0,0.04911645233910389,34.0,29.0,5.0
ppp__rho_0_60__exposure__game_at_cutoff_v1,2026,5,,2026-09-27 14:15:00+00:00,Michigan State,0.8886729150419069,0.15998590432561008,0.8663495294499998,0.19970631424375915,0.8775112222459533,0.0899230546423423,ppp__rho_0_60__exposure__game_at_cutoff_v1,2026,5,,2026-09-27 14:15:00+00:00,0.8230708609459039,0.15998590432561008,1.0001329600605606,0.1598119858989424,0.9116019105032322,0.07994947255613813,-0.06560205409600306,42.0,42.0,0.0,0.13378343061056086,28.0,19.0,9.0,0.0340906882572789,26.0,22.0,4.0
ppp__rho_0_60__exposure__game_at_cutoff_v1,2026,5,,2026-09-27 14:15:00+00:00,Middle Tennessee,-0.6252436241646528,0.25749167591564925,0.11207171026579844,0.18154735827565058,-0.2565859569494272,0.10975975854782496,ppp__rho_0_60__exposure__game_at_cutoff_v1,2026,5,,2026-09-27 14:15:00+00:00,-0.3237621788520349,0.1901639344262295,0.16410902553924508,0.18154735827565058,-0.07982657665639491,0.09292782317547002,0.30148144531261795,133.0,121.0,12.0,0.05203731527344664,91.0,87.0,4.0,0.1767593802930323,122.0,115.0,7.0
ppp__rho_0_60__exposure__game_at_cutoff_v1,2026,5,,2026-09-27 14:15:00+00:00,Minnesota,0.06394215985505726,0.17739628040057226,0.4221747992659799,0.1815336463223787,0.24305847956051857,0.08973248168073775,ppp__rho_0_60__exposure__game_at_cutoff_v1,2026,5,,2026-09-27 14:15:00+00:00,0.11844948881129476,0.17739628040057226,0.4474556474080769,0.1815336463223787,0.28295256810968583,0.08973248168073775,0.0545073289562375,95.0,88.0,7.0,0.025280848142097023,68.0,63.0,5.0,0.03989408854916726,85.0,83.0,2.0
ppp__rho_0_60__exposure__game_at_cutoff_v1,2026,5,,2026-09-27 14:15:00+00:00,Mississippi State,1.743284949817692,0.1505708114779389,0.861142213501417,0.15359546581650727,1.3022135816595546,0.07604156932361154,ppp__rho_0_60__exposure__game_at_cutoff_v1,2026,5,,2026-09-27 14:15:00+00:00,1.8216687185756761,0.1505708114779389,0.9981744350204178,0.15359546581650727,1.4099215767980469,0.07604156932361154,0.07838376875798403,9.0,7.0,2.0,0.13703222151900085,30.0,20.0,10.0,0.10770799513849227,11.0,8.0,3.0
ppp__rho_0_60__exposure__game_at_cutoff_v1,2026,5,,2026-09-27 14:15:00+00:00,Missouri,0.573954452990763,0.1565481952703637,0.7386070151536016,0.1598119858989424,0.6562807340721823,0.07909004529232652,ppp__rho_0_60__exposure__game_at_cutoff_v1,2026,5,,2026-09-27 14:15:00+00:00,0.6068041846661285,0.1565481952703637,0.7576385968342635,0.1598119858989424,0.6822213907501959,0.07909004529232652,0.032849731675365534,62.0,60.0,2.0,0.01903158168066188,41.0,37.0,4.0,0.025940656678013596,49.0,44.0,5.0
ppp__rho_0_60__exposure__game_at_cutoff_v1,2026,5,,2026-09-27 14:15:00+00:00,Missouri State,-0.2789302388682005,0.20451967542099295,-0.45319495207998256,0.18556866522192791,-0.36606259547409153,0.09752208516073022,ppp__rho_0_60__exposure__game_at_cutoff_v1,2026,5,,2026-09-27 14:15:00+00:00,-0.23070978627821198,0.20451967542099295,-0.45700353167497954,0.18556866522192791,-0.3438566589765958,0.09752208516073022,0.04822045258998853,119.0,114.0,5.0,-0.0038085795949969747,127.0,132.0,-5.0,0.02220593649749575,129.0,127.0,2.0
ppp__rho_0_60__exposure__game_at_cutoff_v1,2026,5,,2026-09-27 14:15:00+00:00,NC State,0.5760229876889384,0.16281367318711717,-0.014710205773502166,0.16628308400460298,0.28065639095771816,0.08227418929793004,ppp__rho_0_60__exposure__game_at_cutoff_v1,2026,5,,2026-09-27 14:15:00+00:00,0.6495870180174304,0.16281367318711717,-0.061591386992805,0.16628308400460298,0.2939978155123127,0.08227418929793004,0.0735640303284919,61.0,56.0,5.0,-0.046881181219302834,101.0,110.0,-9.0,0.013341424554594528,82.0,81.0,1.0
ppp__rho_0_60__exposure__game_at_cutoff_v1,2026,5,,2026-09-27 14:15:00+00:00,Navy,0.3220727632963552,0.22807961269499732,0.03967964894638083,0.34611953612845675,0.180876206121368,0.14354978720586353,ppp__rho_0_60__exposure__game_at_cutoff_v1,2026,5,,2026-09-27 14:15:00+00:00,0.3477038131241457,0.22807961269499732,0.028422584020252797,0.34611953612845675,0.18806319857219925,0.14354978720586353,0.02563104982779052,78.0,74.0,4.0,-0.011257064926128036,99.0,104.0,-5.0,0.007186992450831237,91.0,92.0,-1.0
ppp__rho_0_60__exposure__game_at_cutoff_v1,2026,5,,2026-09-27 14:15:00+00:00,Nebraska,1.607119533390205,0.26573426573426573,1.0408207186591936,0.20463570043401977,1.3239701260246992,0.11759249154207138,ppp__rho_0_60__exposure__game_at_cutoff_v1,2026,5,,2026-09-27 14:15:00+00:00,1.9542876501666495,0.1994750656167979,0.976821355026176,0.20463570043401977,1.4655545025964127,0.10102769151270441,0.34716811677644444,13.0,6.0,7.0,-0.06399936363301761,15.0,23.0,-8.0,0.14158437657171352,10.0,6.0,4.0
ppp__rho_0_60__exposure__game_at_cutoff_v1,2026,5,,2026-09-27 14:15:00+00:00,Nevada,0.7793348023461065,0.1901639344262295,0.6486493158468563,0.24951456310679612,0.7139920590964814,0.1099196243832564,ppp__rho_0_60__exposure__game_at_cutoff_v1,2026,5,,2026-09-27 14:15:00+00:00,0.8313083510024918,0.1901639344262295,0.30573839862022495,0.1857775368211801,0.5685233748113584,0.0939853678118524,0.05197354865638526,46.0,41.0,5.0,-0.3429109172266313,49.0,78.0,-29.0,-0.14546868428512305,44.0,54.0,-10.0
ppp__rho_0_60__exposure__game_at_cutoff_v1,2026,5,,2026-09-27 14:15:00+00:00,New Mexico,0.6676255850122487,0.20997571455258732,0.9644147605266975,0.20981563230329786,0.8160201727694731,0.10494783671397129,ppp__rho_0_60__exposure__game_at_cutoff_v1,2026,5,,2026-09-27 14:15:00+00:00,0.8517486386500445,0.20997571455258732,1.096569648915797,0.20981563230329786,0.9741591437829207,0.10494783671397129,0.1841230536377958,54.0,40.0,14.0,0.1321548883890995,20.0,13.0,7.0,0.15813897101344754,33.0,20.0,13.0
ppp__rho_0_60__exposure__game_at_cutoff_v1,2026,5,,2026-09-27 14:15:00+00:00,New Mexico State,-0.5492860441562402,0.18538324420677363,-0.2998610969911078,0.18979067205288283,-0.42457357057367395,0.09379347906491411,ppp__rho_0_60__exposure__game_at_cutoff_v1,2026,5,,2026-09-27 14:15:00+00:00,-0.45245111287586887,0.18538324420677363,-0.12156632776861975,0.18979067205288283,-0.28700872032224434,0.09379347906491411,0.0968349312803713,129.0,126.0,3.0,0.17829476922248805,121.0,116.0,5.0,0.13756485025142962,131.0,124.0,7.0
ppp__rho_0_60__exposure__game_at_cutoff_v1,2026,5,,2026-09-27 14:15:00+00:00,North Carolina,0.41291501106023654,0.23503808487486397,0.29153306128169193,0.22801851072780818,0.3522240361709642,0.11576414890066804,ppp__rho_0_60__exposure__game_at_cutoff_v1,2026,5,,2026-09-27 14:15:00+00:00,0.200006936918875,0.23503808487486397,0.39078965819782785,0.22801851072780818,0.29539829755835145,0.11576414890066804,-0.21290807414136154,70.0,81.0,-11.0,0.09925659691613592,81.0,69.0,12.0,-0.05682573861261275,74.0,80.0,-6.0
ppp__rho_0_60__exposure__game_at_cutoff_v1,2026,5,,2026-09-27 14:15:00+00:00,North Dakota State,-0.08543865717911202,0.26666666666666666,0.7771739610952542,0.26666666666666666,0.34586765195807107,0.13333333333333333,ppp__rho_0_60__exposure__game_at_cutoff_v1,2026,5,,2026-09-27 14:15:00+00:00,-0.0442114301207767,0.26666666666666666,0.7938062317308681,0.26666666666666666,0.3747974008050457,0.13333333333333333,0.04122722705833532,100.0,98.0,2.0,0.0166322706356139,34.0,36.0,-2.0,0.028929748846974634,75.0,71.0,4.0
ppp__rho_0_60__exposure__game_at_cutoff_v1,2026,5,,2026-09-27 14:15:00+00:00,North Texas,1.424007475822978,0.1996075133165125,-0.46226863639600285,0.19474835886214445,0.4808694197134875,0.09858896804466424,ppp__rho_0_60__exposure__game_at_cutoff_v1,2026,5,,2026-09-27 14:15:00+00:00,1.3465288464601421,0.1996075133165125,-0.422363165441365,0.19474835886214445,0.4620828405093886,0.09858896804466424,-0.07747862936283578,15.0,17.0,-2.0,0.03990547095463787,128.0,127.0,1.0,-0.01878657920409893,61.0,63.0,-2.0
ppp__rho_0_60__exposure__game_at_cutoff_v1,2026,5,,2026-09-27 14:15:00+00:00,Northern Illinois,-0.6944998426657812,0.19007832898172325,-0.2618858801566442,0.1948424068767908,-0.47819286141121276,0.09623018396462851,ppp__rho_0_60__exposure__game_at_cutoff_v1,2026,5,,2026-09-27 14:15:00+00:00,-0.8159972073591163,0.19007832898172325,-0.2279169116697,0.1948424068767908,-0.5219570595144082,0.09623018396462851,-0.12149736469333505,135.0,136.0,-1.0,0.03396896848694422,118.0,119.0,-1.0,-0.04376419810319543,132.0,134.0,-2.0
ppp__rho_0_60__exposure__game_at_cutoff_v1,2026,5,,2026-09-27 14:15:00+00:00,Northwestern,1.5189802174094122,0.2493150684931507,0.6165634802639629,0.24926884139482564,1.0677718488366876,0.12464597747199407,ppp__rho_0_60__exposure__game_at_cutoff_v1,2026,5,,2026-09-27 14:15:00+00:00,1.4875929523830485,0.2493150684931507,0.7004520491864732,0.24926884139482564,1.0940225007847608,0.12464597747199407,-0.0313872650263638,14.0,14.0,0.0,0.08388856892251029,51.0,43.0,8.0,0.02625065194807319,15.0,18.0,-3.0
ppp__rho_0_60__exposure__game_at_cutoff_v1,2026,5,,2026-09-27 14:15:00+00:00,Notre Dame,2.2346579630794934,0.21027987655634778,1.9387383362958164,0.1776020133021751,2.086698149687655,0.09697047246463072,ppp__rho_0_60__exposure__game_at_cutoff_v1,2026,5,,2026-09-27 14:15:00+00:00,1.7793079209525415,0.21027987655634778,1.8946476824458018,0.1776020133021751,1.8369778016991716,0.09697047246463072,-0.45535004212695185,4.0,8.0,-4.0,-0.04409065385001454,1.0,1.0,0.0,-0.2497203479884833,1.0,2.0,-1.0
ppp__rho_0_60__exposure__game_at_cutoff_v1,2026,5,,2026-09-27 14:15:00+00:00,Ohio,0.5416343662754524,0.1945837512537613,-0.4087402025068512,0.1945837512537613,0.06644708188430057,0.09729187562688064,ppp__rho_0_60__exposure__game_at_cutoff_v1,2026,5,,2026-09-27 14:15:00+00:00,0.5311544440684235,0.1945837512537613,-0.2164250740544664,0.1945837512537613,0.15736468500697853,0.09729187562688064,-0.010479922207028869,66.0,63.0,3.0,0.19231512845238483,125.0,117.0,8.0,0.09091760312267796,104.0,97.0,7.0
ppp__rho_0_60__exposure__game_at_cutoff_v1,2026,5,,2026-09-27 14:15:00+00:00,Ohio State,1.833255720587678,0.1995317846209256,1.1057163844227846,0.17357001972386588,1.4694860525052313,0.09327545108619786,ppp__rho_0_60__exposure__game_at_cutoff_v1,2026,5,,2026-09-27 14:15:00+00:00,1.7474992268270164,0.1995317846209256,1.0687772314879755,0.17357001972386588,1.408138229157496,0.09327545108619786,-0.08575649376066163,7.0,9.0,-2.0,-0.036939152934809094,10.0,14.0,-4.0,-0.061347823347735364,7.0,9.0,-2.0
ppp__rho_0_60__exposure__game_at_cutoff_v1,2026,5,,2026-09-27 14:15:00+00:00,Oklahoma,0.32374447243420335,0.15637179638596904,1.3175114862721324,0.15637811181747965,0.8206279793531679,0.07818747705086218,ppp__rho_0_60__exposure__game_at_cutoff_v1,2026,5,,2026-09-27 14:15:00+00:00,0.397047995821276,0.15637179638596904,1.4240345708825606,0.15637811181747965,0.9105412833519183,0.07818747705086218,0.07330352338707263,77.0,71.0,6.0,0.10652308461042814,6.0,5.0,1.0,0.08991330399875042,32.0,23.0,9.0
ppp__rho_0_60__exposure__game_at_cutoff_v1,2026,5,,2026-09-27 14:15:00+00:00,Oklahoma State,0.6336458709459091,0.15669273051018037,0.5893064138401263,0.16641619868702048,0.6114761423930177,0.08077723229930021,ppp__rho_0_60__exposure__game_at_cutoff_v1,2026,5,,2026-09-27 14:15:00+00:00,0.6706309319465702,0.15669273051018037,0.6395150948131925,0.16641619868702048,0.6550730133798813,0.08077723229930021,0.036985061000661124,57.0,52.0,5.0,0.05020868097306619,53.0,51.0,2.0,0.0435968709868636,55.0,45.0,10.0
ppp__rho_0_60__exposure__game_at_cutoff_v1,2026,5,,2026-09-27 14:15:00+00:00,Old Dominion,0.13557974792615798,0.20968919905867076,0.5384053415881216,0.22799874725963043,0.3369925447571398,0.1094219865795753,ppp__rho_0_60__exposure__game_at_cutoff_v1,2026,5,,2026-09-27 14:15:00+00:00,0.1752115023332679,0.20968919905867076,0.49823668605326593,0.22799874725963043,0.33672409419326693,0.1094219865795753,0.03963175440710992,88.0,84.0,4.0,-0.04016865553485566,57.0,59.0,-2.0,-0.0002684505638728685,76.0,76.0,0.0
ppp__rho_0_60__exposure__game_at_cutoff_v1,2026,5,,2026-09-27 14:15:00+00:00,Ole Miss,1.6657086385427027,0.14241968132039237,0.6991385716528903,0.18971668415529905,1.1824236050977965,0.08303409136892285,ppp__rho_0_60__exposure__game_at_cutoff_v1,2026,5,,2026-09-27 14:15:00+00:00,1.6503819177034782,0.14241968132039237,0.7231957428579108,0.18971668415529905,1.1867888302806944,0.08303409136892285,-0.015326720839224484,11.0,12.0,-1.0,0.02405717120502049,44.0,41.0,3.0,0.004365225182897836,14.0,14.0,0.0
ppp__rho_0_60__exposure__game_at_cutoff_v1,2026,5,,2026-09-27 14:15:00+00:00,Oregon,1.2216906474841696,0.22803857157995125,0.7648369534337116,0.15977961432506887,0.9932638004589406,0.09695454647625504,ppp__rho_0_60__exposure__game_at_cutoff_v1,2026,5,,2026-09-27 14:15:00+00:00,1.2873147303353025,0.22803857157995125,0.9039736897237584,0.15977961432506887,1.0956442100295305,0.09695454647625504,0.06562408285113297,24.0,19.0,5.0,0.13913673629004675,36.0,29.0,7.0,0.10238040957058991,17.0,17.0,0.0
ppp__rho_0_60__exposure__game_at_cutoff_v1,2026,5,,2026-09-27 14:15:00+00:00,Oregon State,-0.09624567256643934,0.1663413901816544,0.7549378559150487,0.24173666412130468,0.3293460916743047,0.10201951357573977,ppp__rho_0_60__exposure__game_at_cutoff_v1,2026,5,,2026-09-27 14:15:00+00:00,-0.2790914081822727,0.1663413901816544,0.6985575082822998,0.24173666412130468,0.20973305005001355,0.10201951357573977,-0.18284573561583334,101.0,119.0,-18.0,-0.056380347632748906,38.0,44.0,-6.0,-0.11961304162429112,78.0,89.0,-11.0
ppp__rho_0_60__exposure__game_at_cutoff_v1,2026,5,,2026-09-27 14:15:00+00:00,Penn State,1.0125541136403429,0.1537832310838446,1.379514199079979,0.15371450797355116,1.1960341563601609,0.07687443476434894,ppp__rho_0_60__exposure__game_at_cutoff_v1,2026,5,,2026-09-27 14:15:00+00:00,1.100267960015632,0.1537832310838446,1.3841907549305745,0.15371450797355116,1.2422293574731031,0.07687443476434894,0.08771384637528912,32.0,25.0,7.0,0.004676555850595454,5.0,6.0,-1.0,0.046195201112942286,13.0,13.0,0.0
ppp__rho_0_60__exposure__game_at_cutoff_v1,2026,5,,2026-09-27 14:15:00+00:00,Pittsburgh,1.0946338344275648,0.1812391430225825,0.6916921186871237,0.25677267373380447,0.8931629765573442,0.10950295418909675,ppp__rho_0_60__exposure__game_at_cutoff_v1,2026,5,,2026-09-27 14:15:00+00:00,1.169079483167079,0.1812391430225825,1.1801762155829472,0.18117598171618532,1.174627849375013,0.09060378118469195,0.0744456487395142,30.0,22.0,8.0,0.4884840968958235,46.0,11.0,35.0,0.28146487281766885,24.0,15.0,9.0
ppp__rho_0_60__exposure__game_at_cutoff_v1,2026,5,,2026-09-27 14:15:00+00:00,Purdue,0.7785444230356263,0.2575472879869723,-0.641292271777463,0.2659974905897114,0.06862607562908168,0.13088619464417092,ppp__rho_0_60__exposure__game_at_cutoff_v1,2026,5,,2026-09-27 14:15:00+00:00,0.7770627795914387,0.2575472879869723,-0.8130004148295643,0.2659974905897114,-0.017968817619062827,0.13088619464417092,-0.0014816434441876636,47.0,44.0,3.0,-0.17170814305210136,135.0,136.0,-1.0,-0.08659489324814451,103.0,109.0,-6.0
ppp__rho_0_60__exposure__game_at_cutoff_v1,2026,5,,2026-09-27 14:15:00+00:00,Rice,0.35311704563161234,0.19948894175698298,-0.47387343781352037,0.24207072548304776,-0.06037819609095402,0.11038991681000768,ppp__rho_0_60__exposure__game_at_cutoff_v1,2026,5,,2026-09-27 14:15:00+00:00,0.3208710466926183,0.19948894175698298,-0.40817547928545683,0.24207072548304776,-0.04365221629641927,0.11038991681000768,-0.03224599893899405,76.0,75.0,1.0,0.06569795852806354,129.0,126.0,3.0,0.016725979794534745,115.0,113.0,2.0
ppp__rho_0_60__exposure__game_at_cutoff_v1,2026,5,,2026-09-27 14:15:00+00:00,Rutgers,0.9884471115150097,0.1776937618147448,-0.14061906357534848,0.17753216475261205,0.42391402396983063,0.08880648164183921,ppp__rho_0_60__exposure__game_at_cutoff_v1,2026,5,,2026-09-27 14:15:00+00:00,0.9571207133301959,0.1776937618147448,-0.0829299908463116,0.17753216475261205,0.43709536124194215,0.08880648164183921,-0.031326398184813864,34.0,33.0,1.0,0.05768907272903688,111.0,113.0,-2.0,0.013181337272111515,68.0,64.0,4.0
ppp__rho_0_60__exposure__game_at_cutoff_v1,2026,5,,2026-09-27 14:15:00+00:00,SMU,0.48615853397829634,0.16618796339589872,0.4461113376836886,0.16971350613915415,0.46613493583099247,0.08397536738376321,ppp__rho_0_60__exposure__game_at_cutoff_v1,2026,5,,2026-09-27 14:15:00+00:00,0.49002528669345263,0.16618796339589872,0.5161659264847221,0.16971350613915415,0.5030956065890874,0.08397536738376321,0.0038667527151562964,67.0,65.0,2.0,0.07005458880103355,64.0,57.0,7.0,0.03696067075809489,63.0,59.0,4.0
ppp__rho_0_60__exposure__game_at_cutoff_v1,2026,5,,2026-09-27 14:15:00+00:00,Sacramento State,-0.8132671864116379,0.16326530612244897,-0.48931887327702517,0.1568627450980392,-0.6512930298443316,0.08003201280512204,ppp__rho_0_60__exposure__game_at_cutoff_v1,2026,5,,2026-09-27 14:15:00+00:00,-0.8242230908005286,0.16326530612244897,-0.43640216606758453,0.1568627450980392,-0.6303126284340566,0.08003201280512204,-0.010955904388890714,138.0,137.0,1.0,0.05291670720944064,130.0,129.0,1.0,0.020980401410275018,136.0,137.0,-1.0
ppp__rho_0_60__exposure__game_at_cutoff_v1,2026,5,,2026-09-27 14:15:00+00:00,Sam Houston State,-0.07968662981833924,0.15959703075291623,0.07582102477108794,0.16639401729376024,-0.0019328025236256471,0.08149776201166911,ppp__rho_0_60__exposure__game_at_cutoff_v1,2026,5,,2026-09-27 14:15:00+00:00,-0.14028758357313229,0.15959703075291623,0.0856435750992458,0.16639401729376024,-0.02732200423694324,0.08149776201166911,-0.06060095375479305,98.0,106.0,-8.0,0.009822550328157861,94.0,97.0,-3.0,-0.025389201713317593,111.0,110.0,1.0
ppp__rho_0_60__exposure__game_at_cutoff_v1,2026,5,,2026-09-27 14:15:00+00:00,San Diego State,-0.41273763261810914,0.16635160680529298,0.49005003718337076,0.1662924603462012,0.03865620228263081,0.08316101678787355,ppp__rho_0_60__exposure__game_at_cutoff_v1,2026,5,,2026-09-27 14:15:00+00:00,-0.3650572114030368,0.16635160680529298,0.3060734155916375,0.1662924603462012,-0.02949189790569967,0.08316101678787355,0.04768042121507232,125.0,123.0,2.0,-0.18397662159173328,61.0,77.0,-16.0,-0.06814810018833048,108.0,112.0,-4.0
ppp__rho_0_60__exposure__game_at_cutoff_v1,2026,5,,2026-09-27 14:15:00+00:00,San Jose State,-0.26868592564031823,0.15078596438948075,0.21514422032649413,0.15361380798274005,-0.02677085265691205,0.0760999430930552,ppp__rho_0_60__exposure__game_at_cutoff_v1,2026,5,,2026-09-27 14:15:00+00:00,-0.2567847863923178,0.15078596438948075,0.29806455514991026,0.15361380798274005,0.02063988437879624,0.0760999430930552,0.011901139248000459,118.0,118.0,0.0,0.08292033482341613,85.0,80.0,5.0,0.04741073703570829,114.0,107.0,7.0
ppp__rho_0_60__exposure__game_at_cutoff_v1,2026,5,,2026-09-27 14:15:00+00:00,South Alabama,0.8099619299533733,0.17373103087388803,-0.4230470697962389,0.17394726485635575,0.19345743007856722,0.08691957393256095,ppp__rho_0_60__exposure__game_at_cutoff_v1,2026,5,,2026-09-27 14:15:00+00:00,0.6541364959521241,0.17373103087388803,-0.4336071728105998,0.17394726485635575,0.11026466157076215,0.08691957393256095,-0.15582543400124926,44.0,54.0,-10.0,-0.010560103014360889,126.0,128.0,-2.0,-0.08319276850780508,88.0,99.0,-11.0
ppp__rho_0_60__exposure__game_at_cutoff_v1,2026,5,,2026-09-27 14:15:00+00:00,South Carolina,1.2251273492502663,0.19036144578313255,0.5356929970394906,0.1899280575539568,0.8804101731448785,0.09507237583427233,ppp__rho_0_60__exposure__game_at_cutoff_v1,2026,5,,2026-09-27 14:15:00+00:00,0.9899596731796357,0.19036144578313255,0.7291118892232052,0.1899280575539568,0.8595357812014205,0.09507237583427233,-0.2351676760706306,23.0,28.0,-5.0,0.19341889218371466,58.0,40.0,18.0,-0.02087439194345797,25.0,27.0,-2.0
ppp__rho_0_60__exposure__game_at_cutoff_v1,2026,5,,2026-09-27 14:15:00+00:00,South Florida,0.20894289850894907,0.18996328029375767,0.7483882262523854,0.24887144259077526,0.47866556238066726,0.10970868072113324,ppp__rho_0_60__exposure__game_at_cutoff_v1,2026,5,,2026-09-27 14:15:00+00:00,0.19748192982453142,0.18996328029375767,0.48771649509983334,0.1944337959058499,0.3425992124621824,0.09609926904990189,-0.01146096868441765,84.0,82.0,2.0,-0.2606717311525521,40.0,61.0,-21.0,-0.13606634991848487,62.0,74.0,-12.0
ppp__rho_0_60__exposure__game_at_cutoff_v1,2026,5,,2026-09-27 14:15:00+00:00,Southern Mississippi,-0.13768459191521185,0.18119346469392048,-0.2319505292673406,0.17325800376647832,-0.18481756059127624,0.08861286711509969,ppp__rho_0_60__exposure__game_at_cutoff_v1,2026,5,,2026-09-27 14:15:00+00:00,-0.044527735897162316,0.18119346469392048,-0.23523183156238836,0.17325800376647832,-0.13987978372977533,0.08861286711509969,0.09315685601804953,106.0,99.0,7.0,-0.00328130229504775,117.0,120.0,-3.0,0.04493777686150091,119.0,118.0,1.0
ppp__rho_0_60__exposure__game_at_cutoff_v1,2026,5,,2026-09-27 14:15:00+00:00,Stanford,0.31772322230899797,0.2491589799240369,-0.28360991409285624,0.16979355306048532,0.017056654108070862,0.10473813324613056,ppp__rho_0_60__exposure__game_at_cutoff_v1,2026,5,,2026-09-27 14:15:00+00:00,0.06074471539851594,0.2045616535994298,-0.35303325126306623,0.14514830639668092,-0.14614426793227514,0.08742748999902768,-0.256978506910482,79.0,92.0,-13.0,-0.06942333717020999,119.0,124.0,-5.0,-0.163200922040346,110.0,119.0,-9.0
ppp__rho_0_60__exposure__game_at_cutoff_v1,2026,5,,2026-09-27 14:15:00+00:00,Syracuse,-0.19450229064842556,0.22781611429682186,0.5657798147852032,0.2347729789590255,0.18563876206838884,0.11564727331396184,ppp__rho_0_60__exposure__game_at_cutoff_v1,2026,5,,2026-09-27 14:15:00+00:00,-0.04994580120363979,0.22781611429682186,0.5970006286132165,0.2347729789590255,0.27352741370478834,0.11564727331396184,0.14455648944478577,113.0,101.0,12.0,0.031220813828013227,54.0,52.0,2.0,0.0878886516363995,89.0,84.0,5.0
ppp__rho_0_60__exposure__game_at_cutoff_v1,2026,5,,2026-09-27 14:15:00+00:00,TCU,0.14952242053032108,0.18132923549750288,1.0817366854532833,0.18554579276498062,0.6156295529918022,0.09171875706562088,ppp__rho_0_60__exposure__game_at_cutoff_v1,2026,5,,2026-09-27 14:15:00+00:00,0.17332730283342185,0.18132923549750288,0.9902325309820273,0.18554579276498062,0.5817799169077246,0.09171875706562088,0.023804882303100766,87.0,85.0,2.0,-0.09150415447125593,11.0,21.0,-10.0,-0.03384963608407765,53.0,52.0,1.0
ppp__rho_0_60__exposure__game_at_cutoff_v1,2026,5,,2026-09-27 14:15:00+00:00,Temple,0.6188462927912574,0.2000685166152792,-0.206674656600517,0.1952799629801018,0.2060858180953702,0.09883711989884525,ppp__rho_0_60__exposure__game_at_cutoff_v1,2026,5,,2026-09-27 14:15:00+00:00,0.6398379338441533,0.2000685166152792,-0.04886751148784811,0.1952799629801018,0.29548521117815263,0.09883711989884525,0.02099164105289597,58.0,57.0,1.0,0.1578071451126689,116.0,109.0,7.0,0.08939939308278244,87.0,79.0,8.0
ppp__rho_0_60__exposure__game_at_cutoff_v1,2026,5,,2026-09-27 14:15:00+00:00,Tennessee,1.2858801001805307,0.18130826953687562,0.8225206170922273,0.1814073595868302,1.054200358636379,0.09067890728092645,ppp__rho_0_60__exposure__game_at_cutoff_v1,2026,5,,2026-09-27 14:15:00+00:00,0.8889341954369854,0.18130826953687562,0.6501462263894345,0.1814073595868302,0.7695402109132099,0.09067890728092645,-0.3969459047435453,21.0,38.0,-17.0,-0.1723743907027928,32.0,49.0,-17.0,-0.28466014772316917,16.0,34.0,-18.0
ppp__rho_0_60__exposure__game_at_cutoff_v1,2026,5,,2026-09-27 14:15:00+00:00,Texas,1.2858512861769273,0.1508945195499069,1.5130306593835223,0.14793268231872014,1.3994409727802248,0.07470680046715676,ppp__rho_0_60__exposure__game_at_cutoff_v1,2026,5,,2026-09-27 14:15:00+00:00,1.0401156991598763,0.1508945195499069,1.4443907666168767,0.14793268231872014,1.2422532328883764,0.07470680046715676,-0.245735587017051,22.0,27.0,-5.0,-0.06863989276664562,3.0,4.0,-1.0,-0.15718773989184842,8.0,12.0,-4.0
ppp__rho_0_60__exposure__game_at_cutoff_v1,2026,5,,2026-09-27 14:15:00+00:00,Texas A&M,0.9860505508179281,0.14785240517741,0.42600402338356363,0.14785992217898833,0.7060272871007459,0.07392808183909957,ppp__rho_0_60__exposure__game_at_cutoff_v1,2026,5,,2026-09-27 14:15:00+00:00,0.9330876042265898,0.14785240517741,0.43769606383955434,0.14785992217898833,0.685391834033072,0.07392808183909957,-0.05296294659133838,35.0,34.0,1.0,0.011692040455990704,67.0,64.0,3.0,-0.020635453067673892,46.0,43.0,3.0
ppp__rho_0_60__exposure__game_at_cutoff_v1,2026,5,,2026-09-27 14:15:00+00:00,Texas State,1.1171645764496059,0.1864594894561598,-0.19793298658692016,0.200166014466975,0.45961579493134286,0.0966563759807837,ppp__rho_0_60__exposure__game_at_cutoff_v1,2026,5,,2026-09-27 14:15:00+00:00,1.0534372013961186,0.1864594894561598,-0.10186363613895273,0.200166014466975,0.4757867826285829,0.0966563759807837,-0.06372737505348725,28.0,26.0,2.0,0.09606935044796742,115.0,114.0,1.0,0.01617098769724007,64.0,62.0,2.0
ppp__rho_0_60__exposure__game_at_cutoff_v1,2026,5,,2026-09-27 14:15:00+00:00,Texas Tech,0.5529330328368847,0.22781611429682186,1.0516009032378497,0.15333892148644873,0.8022669680373672,0.09528875894581765,ppp__rho_0_60__exposure__game_at_cutoff_v1,2026,5,,2026-09-27 14:15:00+00:00,0.511513966771446,0.22781611429682186,0.9673136279345107,0.15333892148644873,0.7394137973529784,0.09528875894581765,-0.04141906606543866,65.0,64.0,1.0,-0.08428727530333902,13.0,24.0,-11.0,-0.06285317068438878,36.0,38.0,-2.0
ppp__rho_0_60__exposure__game_at_cutoff_v1,2026,5,,2026-09-27 14:15:00+00:00,Toledo,1.4114477296292829,0.18136178224035143,0.3110357403897885,0.17333333333333334,0.8612417350095357,0.08867377889342119,ppp__rho_0_60__exposure__game_at_cutoff_v1,2026,5,,2026-09-27 14:15:00+00:00,1.1911825127501365,0.18136178224035143,0.36872535408101603,0.17333333333333334,0.7799539334155763,0.08867377889342119,-0.22026521687914635,18.0,21.0,-3.0,0.05768961369122755,79.0,70.0,9.0,-0.08128780159395943,29.0,33.0,-4.0
ppp__rho_0_60__exposure__game_at_cutoff_v1,2026,5,,2026-09-27 14:15:00+00:00,Troy,-0.11760566043680042,0.1596295287387633,0.6846130543003772,0.15950920245398773,0.2835036969317884,0.07978468279818776,ppp__rho_0_60__exposure__game_at_cutoff_v1,2026,5,,2026-09-27 14:15:00+00:00,-0.15799369877544972,0.1596295287387633,0.6945525301917075,0.15950920245398773,0.26827941570812885,0.07978468279818776,-0.040388038338649304,105.0,107.0,-2.0,0.009939475891330263,47.0,46.0,1.0,-0.015224281223659542,80.0,85.0,-5.0
ppp__rho_0_60__exposure__game_at_cutoff_v1,2026,5,,2026-09-27 14:15:00+00:00,Tulane,-0.15228400571005243,0.137546468401487,0.4578290217772331,0.13523095103529775,0.15277250803359033,0.06819435485919619,ppp__rho_0_60__exposure__game_at_cutoff_v1,2026,5,,2026-09-27 14:15:00+00:00,-0.20906137909095257,0.137546468401487,0.5294634034460948,0.13523095103529775,0.1602010121775711,0.06819435485919619,-0.05677737338090014,108.0,112.0,-4.0,0.07163438166886166,63.0,56.0,7.0,0.007428504143980774,94.0,96.0,-2.0
ppp__rho_0_60__exposure__game_at_cutoff_v1,2026,5,,2026-09-27 14:15:00+00:00,Tulsa,0.09663275456379623,0.17720634476975752,0.6755463740347697,0.17360438851242335,0.386089564299283,0.08770268332054522,ppp__rho_0_60__exposure__game_at_cutoff_v1,2026,5,,2026-09-27 14:15:00+00:00,0.10745047739410353,0.17720634476975752,0.6840181351305279,0.17360438851242335,0.3957343062623157,0.08770268332054522,0.010817722830307297,90.0,89.0,1.0,0.008471761095758201,48.0,47.0,1.0,0.009644741963032721,73.0,69.0,4.0
ppp__rho_0_60__exposure__game_at_cutoff_v1,2026,5,,2026-09-27 14:15:00+00:00,UAB,0.07905660406966332,0.15383312155866158,0.12303700324100941,0.14803625377643506,0.10104680365533636,0.07546734383377415,ppp__rho_0_60__exposure__game_at_cutoff_v1,2026,5,,2026-09-27 14:15:00+00:00,0.04970681386934256,0.15383312155866158,0.05322123435021027,0.14803625377643506,0.051464024109776414,0.07546734383377415,-0.02934979020032076,92.0,93.0,-1.0,-0.06981576889079914,90.0,102.0,-12.0,-0.049582779545559945,98.0,104.0,-6.0
ppp__rho_0_60__exposure__game_at_cutoff_v1,2026,5,,2026-09-27 14:15:00+00:00,UCF,0.9806747697197594,0.23496107572540692,0.9336869287279799,0.16659282233052725,0.9571808492238696,0.10038847451398354,ppp__rho_0_60__exposure__game_at_cutoff_v1,2026,5,,2026-09-27 14:15:00+00:00,0.4655637201912502,0.17003841229193342,1.0147657804366692,0.16659282233052725,0.7401647503139597,0.08415780865561517,-0.5151110495285092,36.0,67.0,-31.0,0.08107885170868934,22.0,18.0,4.0,-0.21701609890990992,19.0,37.0,-18.0
ppp__rho_0_60__exposure__game_at_cutoff_v1,2026,5,,2026-09-27 14:15:00+00:00,UCLA,0.992829655716329,0.13338503295851104,0.7046079653134653,0.13116700051932637,0.8487188105148971,0.06613800836945935,ppp__rho_0_60__exposure__game_at_cutoff_v1,2026,5,,2026-09-27 14:15:00+00:00,0.7622099166295648,0.13338503295851104,0.7354230804555194,0.13116700051932637,0.7488164985425421,0.06613800836945935,-0.23061973908676414,33.0,45.0,-12.0,0.03081511514205415,43.0,38.0,5.0,-0.099902311972355,31.0,35.0,-4.0
ppp__rho_0_60__exposure__game_at_cutoff_v1,2026,5,,2026-09-27 14:15:00+00:00,UMass,0.42901594615360533,0.2496815286624204,0.4274596238603478,0.2495412844036697,0.42823778500697657,0.12480570326652253,ppp__rho_0_60__exposure__game_at_cutoff_v1,2026,5,,2026-09-27 14:15:00+00:00,0.43882671490066505,0.2496815286624204,0.3947661755280898,0.2495412844036697,0.4167964452143774,0.12480570326652253,0.009810768747059717,69.0,68.0,1.0,-0.03269344833225801,66.0,68.0,-2.0,-0.011441339792599148,67.0,67.0,0.0
ppp__rho_0_60__exposure__game_at_cutoff_v1,2026,5,,2026-09-27 14:15:00+00:00,UNLV,-0.3973506000803095,0.14529008550632463,0.345945003687923,0.14781634938409854,-0.025702798196193227,0.0732766087226058,ppp__rho_0_60__exposure__game_at_cutoff_v1,2026,5,,2026-09-27 14:15:00+00:00,-0.3540634643035667,0.14529008550632463,0.4010011210399543,0.14781634938409854,0.023468828368193778,0.0732766087226058,0.04328713577674276,124.0,122.0,2.0,0.05505611735203125,74.0,67.0,7.0,0.049171626564387005,113.0,106.0,7.0
ppp__rho_0_60__exposure__game_at_cutoff_v1,2026,5,,2026-09-27 14:15:00+00:00,USC,1.8535305028304307,0.19466248037676612,0.07050207826803324,0.1310931342045219,0.962016290549232,0.081438903645322,ppp__rho_0_60__exposure__game_at_cutoff_v1,2026,5,,2026-09-27 14:15:00+00:00,1.9641295016487914,0.16294349540078845,0.1634893912288626,0.1310931342045219,1.063809446438827,0.07350915740132759,0.11059899881836066,6.0,5.0,1.0,0.09298731296082936,95.0,89.0,6.0,0.10179315588959503,18.0,19.0,-1.0
ppp__rho_0_60__exposure__game_at_cutoff_v1,2026,5,,2026-09-27 14:15:00+00:00,UT San Antonio,0.9765481347089313,0.16985266339251984,0.4974007949251551,0.16635160680529298,0.7369744648170432,0.08405106754945321,ppp__rho_0_60__exposure__game_at_cutoff_v1,2026,5,,2026-09-27 14:15:00+00:00,0.9676301157994872,0.16985266339251984,0.44849603626836027,0.16635160680529298,0.7080630760339237,0.08405106754945321,-0.008918018909444103,37.0,32.0,5.0,-0.04890475865679483,60.0,62.0,-2.0,-0.028911388783119496,41.0,41.0,0.0
ppp__rho_0_60__exposure__game_at_cutoff_v1,2026,5,,2026-09-27 14:15:00+00:00,UTEP,-0.1658708742145664,0.20992959678156717,-0.8710035851487096,0.2152965235173824,-0.518437229681638,0.1063065300747374,ppp__rho_0_60__exposure__game_at_cutoff_v1,2026,5,,2026-09-27 14:15:00+00:00,-0.18239412417221387,0.20992959678156717,-0.7152223179688327,0.2152965235173824,-0.4488082210705233,0.1063065300747374,-0.01652324995764748,109.0,110.0,-1.0,0.15578126717987684,138.0,135.0,3.0,0.06962900861111465,133.0,132.0,1.0
ppp__rho_0_60__exposure__game_at_cutoff_v1,2026,5,,2026-09-27 14:15:00+00:00,Utah,2.416380427285213,0.26586102719033233,1.6205060989651183,0.19462227912932137,2.0184432631251656,0.11512082657991343,ppp__rho_0_60__exposure__game_at_cutoff_v1,2026,5,,2026-09-27 14:15:00+00:00,2.125591203780867,0.26586102719033233,1.5732129685459189,0.19462227912932137,1.8494020861633929,0.11512082657991343,-0.29078922350434633,2.0,2.0,0.0,-0.04729313041919947,2.0,2.0,0.0,-0.1690411769617728,2.0,1.0,1.0
ppp__rho_0_60__exposure__game_at_cutoff_v1,2026,5,,2026-09-27 14:15:00+00:00,Utah State,-0.10796395538530593,0.17366524180705725,0.7675479641291321,0.17736289381563594,0.3297920043719131,0.0877570339056733,ppp__rho_0_60__exposure__game_at_cutoff_v1,2026,5,,2026-09-27 14:15:00+00:00,-0.1296462380866417,0.17366524180705725,0.7031896594917482,0.17736289381563594,0.28677171070255325,0.0877570339056733,-0.021682282701335764,104.0,105.0,-1.0,-0.0643583046373839,35.0,42.0,-7.0,-0.04302029366935983,77.0,82.0,-5.0
ppp__rho_0_60__exposure__game_at_cutoff_v1,2026,5,,2026-09-27 14:15:00+00:00,Vanderbilt,0.6005846095139845,0.16660707901322847,0.6419143539492494,0.1663413901816544,0.621249481731617,0.08323711729872071,ppp__rho_0_60__exposure__game_at_cutoff_v1,2026,5,,2026-09-27 14:15:00+00:00,0.5739334954947809,0.16660707901322847,0.6517363029605757,0.1663413901816544,0.6128348992276783,0.08323711729872071,-0.026651114019203614,60.0,61.0,-1.0,0.00982194901132627,50.0,48.0,2.0,-0.008414582503938672,52.0,49.0,3.0
ppp__rho_0_60__exposure__game_at_cutoff_v1,2026,5,,2026-09-27 14:15:00+00:00,Virginia,0.7704639688567694,0.17362817362817365,1.0653047016523043,0.17735207786188784,0.9178843352545368,0.08774506287251538,ppp__rho_0_60__exposure__game_at_cutoff_v1,2026,5,,2026-09-27 14:15:00+00:00,0.7574402571954156,0.17362817362817365,1.0474035017795453,0.17735207786188784,0.9024218794874805,0.08774506287251538,-0.013023711661353743,48.0,47.0,1.0,-0.017901199872758955,12.0,15.0,-3.0,-0.015462455767056293,21.0,24.0,-3.0
ppp__rho_0_60__exposure__game_at_cutoff_v1,2026,5,,2026-09-27 14:15:00+00:00,Virginia Tech,1.3600804543268017,0.18139572149667493,0.3801542954648382,0.17758759026477666,0.87011737489582,0.0897458279403629,ppp__rho_0_60__exposure__game_at_cutoff_v1,2026,5,,2026-09-27 14:15:00+00:00,1.2561561453461514,0.18139572149667493,0.41998178670404623,0.17758759026477666,0.8380689660250988,0.0897458279403629,-0.1039243089806503,19.0,20.0,-1.0,0.039827491239208035,70.0,65.0,5.0,-0.032048408870721135,28.0,30.0,-2.0
ppp__rho_0_60__exposure__game_at_cutoff_v1,2026,5,,2026-09-27 14:15:00+00:00,Wake Forest,0.7182273506253075,0.17721518987341775,0.7632489422691131,0.17335778819373682,0.7407381464472103,0.08764324451678865,ppp__rho_0_60__exposure__game_at_cutoff_v1,2026,5,,2026-09-27 14:15:00+00:00,0.6523715804793404,0.17721518987341775,0.811821778831945,0.17335778819373682,0.7320966796556427,0.08764324451678865,-0.06585577014596711,51.0,55.0,-4.0,0.048572836562831845,37.0,34.0,3.0,-0.00864146679156752,40.0,40.0,0.0
ppp__rho_0_60__exposure__game_at_cutoff_v1,2026,5,,2026-09-27 14:15:00+00:00,Washington,0.46501329558008503,0.16299325910777854,0.5575844059045638,0.16648702429317636,0.5112988507423244,0.08237007085023873,ppp__rho_0_60__exposure__game_at_cutoff_v1,2026,5,,2026-09-27 14:15:00+00:00,0.42523802198180755,0.16299325910777854,0.581579246487324,0.16648702429317636,0.5034086342345657,0.08237007085023873,-0.03977527359827748,68.0,70.0,-2.0,0.023994840582760135,56.0,53.0,3.0,-0.007890216507758674,60.0,58.0,2.0
ppp__rho_0_60__exposure__game_at_cutoff_v1,2026,5,,2026-09-27 14:15:00+00:00,Washington State,-0.6525991697745496,0.1854602745892415,0.3525527057960001,0.16985266339251984,-0.15002323198927472,0.08882823449544033,ppp__rho_0_60__exposure__game_at_cutoff_v1,2026,5,,2026-09-27 14:15:00+00:00,-0.675138080180806,0.1854602745892415,0.35919031384802413,0.16985266339251984,-0.15797388316639094,0.08882823449544033,-0.02253891040625644,134.0,131.0,3.0,0.006637608052024013,72.0,72.0,0.0,-0.007950651177116214,117.0,120.0,-3.0
ppp__rho_0_60__exposure__game_at_cutoff_v1,2026,5,,2026-09-27 14:15:00+00:00,West Virginia,0.9087544499570976,0.15958917637764172,0.12607236445375103,0.15961305925030228,0.5174134072054244,0.07980055890698601,ppp__rho_0_60__exposure__game_at_cutoff_v1,2026,5,,2026-09-27 14:15:00+00:00,0.9689267536260001,0.15958917637764172,0.1732322091089687,0.15961305925030228,0.5710794813674844,0.07980055890698601,0.06017230366890247,39.0,30.0,9.0,0.047159844655217664,89.0,86.0,3.0,0.05366607416206004,58.0,53.0,5.0
ppp__rho_0_60__exposure__game_at_cutoff_v1,2026,5,,2026-09-27 14:15:00+00:00,Western Kentucky,-0.3815391311817591,0.1993110630457422,-0.3655196470707433,0.19447722445126267,-0.3735293891262512,0.09844707187425122,ppp__rho_0_60__exposure__game_at_cutoff_v1,2026,5,,2026-09-27 14:15:00+00:00,-0.47370628333726894,0.1993110630457422,-0.21814553721097116,0.19447722445126267,-0.34592591027412006,0.09844707187425122,-0.09216715215550986,122.0,128.0,-6.0,0.14737410985977215,124.0,118.0,6.0,0.027603478852131158,130.0,128.0,2.0
ppp__rho_0_60__exposure__game_at_cutoff_v1,2026,5,,2026-09-27 14:15:00+00:00,Western Michigan,-0.08106726607358017,0.19455894476504534,0.602140700310661,0.19469026548672566,0.26053671711854043,0.09731230256294275,ppp__rho_0_60__exposure__game_at_cutoff_v1,2026,5,,2026-09-27 14:15:00+00:00,0.07400823079782919,0.19455894476504534,0.5732963165315638,0.19469026548672566,0.32365227366469645,0.09731230256294275,0.15507549687140937,99.0,91.0,8.0,-0.02884438377909726,52.0,55.0,-3.0,0.06311555654615603,83.0,77.0,6.0
ppp__rho_0_60__exposure__game_at_cutoff_v1,2026,5,,2026-09-27 14:15:00+00:00,Wisconsin,0.8994505961362533,0.23501199040767387,0.9018056628439785,0.17744311671304633,0.900628129490116,0.10311377678018005,ppp__rho_0_60__exposure__game_at_cutoff_v1,2026,5,,2026-09-27 14:15:00+00:00,0.8889911621252948,0.23501199040767387,1.0385463524024061,0.17744311671304633,0.9637687572638505,0.10311377678018005,-0.010459434010958502,40.0,37.0,3.0,0.13674068955842766,24.0,16.0,8.0,0.06314062777373453,23.0,21.0,2.0
ppp__rho_0_60__exposure__game_at_cutoff_v1,2026,5,,2026-09-27 14:15:00+00:00,Wyoming,-0.5718843168055324,0.1995172968624296,0.12927460151014286,0.1994750656167979,-0.22130485764769478,0.09974809061980688,ppp__rho_0_60__exposure__game_at_cutoff_v1,2026,5,,2026-09-27 14:15:00+00:00,-0.8084044433257873,0.1995172968624296,0.12663301513627656,0.1994750656167979,-0.3408857140947554,0.09974809061980688,-0.2365201265202549,130.0,135.0,-5.0,-0.0026415863738663004,87.0,95.0,-8.0,-0.1195808564470606,120.0,126.0,-6.0
