,A,A,A,A,B,B,B,B,AB,AB,AB,AB
,d_overall,d_off,d_def,drank,d_overall,d_off,d_def,drank,d_overall,d_off,d_def,drank
team,,,,,,,,,,,,
Air Force,0.0015610316584186434,0.006154843309288394,-0.0030327799924511206,-1.0,-0.09108491373027833,-0.23080945916939632,0.048639631708839615,-7.0,-0.0500637880962338,-0.14527800331801033,0.045150427125542666,-3.0
Akron,0.007271835225004075,0.007287507208841748,0.007256163241166513,0.0,0.04060448328162147,-0.01949483558799381,0.10070380215123698,1.0,0.054589658516839945,0.0032533336496345377,0.10592598338404546,2.0
Alabama,-0.0014608214816458354,0.005437149500116423,-0.008358792463408204,1.0,-0.029040038953026315,-0.0027898001712256537,-0.05529027773482709,0.0,-0.02928928861860869,0.006102677663474498,-0.06468125490069176,-1.0
Appalachian State,0.002652376398894901,0.010312019777126952,-0.005007266979337149,0.0,-0.12774806194087304,-0.24771431554606402,-0.007781808335682053,-13.0,-0.12379214667779702,-0.23404163888613927,-0.013542654469454782,-12.0
Arizona,-0.0006348346850179043,0.010460361311658728,-0.011730030681694592,1.0,-0.01589015042885078,-0.016301660156200937,-0.015478640701500623,1.0,-0.014093606682952453,-0.0026667426627204893,-0.02552047070318436,1.0
Arizona State,0.0031765374640237154,0.010914252213362646,-0.004561177285315243,2.0,-0.015224210495960483,-0.016421690096181746,-0.014026730895739248,-4.0,-0.0108721681771754,-0.0024699842237165814,-0.019274352130634276,-6.0
Arkansas,0.0006636002966760035,0.005956903605857655,-0.004629703012505648,1.0,0.010911238939456336,-0.036190200001768424,0.05801267788068132,6.0,0.013396247894534197,-0.025893722206376202,0.05268621799544482,6.0
Arkansas State,-0.11469534980853344,-0.11613134188648924,-0.11325935773057762,-7.0,0.11545001838588656,0.05270492464847111,0.17819511212330197,8.0,0.02341915240015524,-0.042274750487691776,0.08911305528800224,0.0
Army,0.18936799102305468,0.3817230745938283,-0.0029870925477189225,20.0,-0.016722977756004676,-0.05482692849143711,0.02138097297942773,-4.0,0.12377376313459704,0.2306139021648726,0.01693362410432156,13.0
Auburn,-0.002460872968690353,0.005880433147548936,-0.010802179084929642,2.0,0.06414393134166863,0.051147370820217475,0.07714049186311978,9.0,0.06233727596460492,0.061842832146769555,0.06283171978244029,9.0
BYU,0.001383932889177486,0.009816888531455903,-0.00704902275310082,0.0,-0.019745554201100246,-0.04289648216655506,0.003405373764354569,-4.0,-0.017404925728843335,-0.03022999171198215,-0.004579859745704407,-3.0
Ball State,-0.00032836928316881675,0.00735244869331575,-0.008009187259653494,0.0,-0.0895959085910395,-0.13985502401476757,-0.039336793167311535,0.0,-0.08859508787954784,-0.12893838602121477,-0.04825178973788102,0.0
Baylor,0.0001250533639486351,0.007456388966629035,-0.007206282238731654,1.0,-0.10659652256258256,-0.323590645597654,0.11039760047248892,-6.0,-0.10478764928154938,-0.31277049021914755,0.10319519165604896,-8.0
Boise State,-4.330694274368163e-05,0.0025664653832764284,-0.0026530792687637916,1.0,0.20399289101478701,-0.13775798599197497,0.5457437680215489,4.0,0.1643345317359779,-0.13350973868164417,0.46217880215359997,4.0
Boston College,-0.0046085085357369104,-0.004207304998269254,-0.005009712073204553,-1.0,-0.059510683961583155,0.02888378182680356,-0.14790514974996982,-6.0,-0.07071047573672756,0.012247857483688507,-0.15366880895714363,-7.0
Bowling Green,0.008897062267268552,0.009881325590729184,0.007912798943807904,1.0,-0.05377169875685117,-0.1654151201676981,0.05787172265399573,-1.0,-0.024480171155864372,-0.1071343247455876,0.05817398243385888,0.0
Buffalo,0.01409689538420128,2.833128436383059e-05,0.028165459484038702,0.0,-0.017513359316563393,-0.010760030894887251,-0.024266687738239534,-3.0,0.009161621628890837,-0.007846737158905853,0.026169980416687555,-2.0
California,-0.0048795696979539865,0.0031048626510811472,-0.01286400204698912,0.0,-0.006474431535948996,-0.016341799724489584,0.003392936652591605,0.0,-0.021200719609741354,-0.009349807823490222,-0.03305163139599249,-1.0
Central Michigan,0.03605899858868458,0.014564650400402307,0.05755334677696683,-1.0,-0.029545231882581846,0.009028090754913537,-0.06811855452007726,-4.0,0.0064333725069040115,0.008628376322091125,0.004238368691716843,-2.0
Charlotte,0.0026507973929451034,0.009637306862139372,-0.0043357120762491375,0.0,-0.08322257621850165,-0.016773536230227926,-0.14967161620677535,-3.0,-0.07937270986173545,-0.003995459437669879,-0.15474996028580099,-3.0
Cincinnati,-0.03186681444553552,0.008481503398793055,-0.07221513228986415,-3.0,0.0586443473917867,-0.007741188909386576,0.12502988369295986,8.0,0.013064337257056469,0.004590067870190118,0.02153860664392271,3.0
Clemson,-0.00948668760838689,-0.00135726108183154,-0.01761611413494224,-1.0,0.09361706453242746,0.20518744124501048,-0.0179533121801555,12.0,0.08182121817787052,0.1978163232499687,-0.03417388689422762,9.0
Coastal Carolina,0.002357078331178014,0.009782875373659572,-0.005068718711303544,0.0,-0.030371916096206375,0.02809135656144124,-0.08883518875385399,-4.0,-0.0267732927091128,0.041120149508758086,-0.09466673492698369,-3.0
Colorado,-0.024585474134696805,-0.01541040982051689,-0.03376053844887672,-1.0,0.07409984780232462,0.10627782554066911,0.04192187006398007,3.0,0.053972374790379224,0.10385455434466223,0.004090195236096217,3.0
Colorado State,0.0032065495954780032,0.004341709369760416,0.0020713898211955906,-2.0,-0.015429999064106137,-0.04994864849141245,0.019088650363200177,-1.0,-0.011320285299203148,-0.04407619866890511,0.021435628070498758,0.0
Connecticut,-0.000700892516007634,0.007260300009017118,-0.008662085041032386,1.0,0.17683714171171871,0.02688700811605102,0.32678727530738644,20.0,0.13133357269215734,0.038096742791282445,0.2245704025930322,14.0
Delaware,0.0024963628904958422,0.009891592312570814,-0.00489886653157913,0.0,0.008577164196247213,-0.03516561815692783,0.05231994654942225,3.0,0.012316714890985674,-0.022050385034357217,0.046683814816328564,4.0
Duke,-0.032312553386747433,-0.03477139849194033,-0.029853708281554425,-1.0,-0.09889838331836309,-0.15606822955286898,-0.04172853708385704,-6.0,-0.1295034632398252,-0.19665026467744956,-0.062356661802200786,-8.0
East Carolina,0.002867901178956897,0.010116940440839245,-0.004381138082925451,0.0,-0.11503262804174953,-0.06919031548318413,-0.16087494060031493,-9.0,-0.11084586059800217,-0.05577629394085434,-0.16591542725515,-7.0
Eastern Michigan,0.005077900698188191,0.015203222694899085,-0.005047421298522703,1.0,-0.0006704498174536222,0.062349258610713665,-0.06369015824562091,2.0,-0.002141884409330115,0.06042900846751947,-0.06471277728617969,2.0
Florida,0.002913386799751283,0.009906490281598401,-0.004079716682095891,0.0,0.03355833831541277,0.052876427343804266,0.014240249287021223,0.0,0.038319866264656666,0.06721601719236459,0.009423715336948357,0.0
Florida Atlantic,0.0015171527974842114,0.008261928500558624,-0.005227622905590229,0.0,0.04407660908462474,0.0024164303533044107,0.08573678781594508,3.0,0.05430824063578604,0.013370897025887563,0.09524558424568447,7.0
Florida International,0.004965282816685873,0.013434856008029628,-0.0035042903746578813,1.0,0.004095348675486138,-0.002465815863625598,0.010656513214597874,0.0,0.028857665846859643,0.051891662496138635,0.00582366919758065,1.0
Florida State,0.006357955864760401,0.016252296027265967,-0.003536384297745221,2.0,-0.05486503289697564,-0.15646225034641714,0.04673218455246597,1.0,-0.047451546586369076,-0.13735514378741065,0.042452050614672526,1.0
Fresno State,0.003534043426073552,0.011920897938541702,-0.00485281108639446,1.0,-0.04404709008347285,0.05520223856377286,-0.14329641873071852,-4.0,-0.03406510612836383,0.05415974334361669,-0.12228995560034428,-2.0
Georgia,0.004621336846581503,0.01322465907313175,-0.003981985379968744,0.0,-0.13980315709265456,-0.2693695560348308,-0.010236758150478309,0.0,-0.12893114558607732,-0.25307134030019984,-0.00479095087195458,0.0
Georgia Southern,0.00960579793012506,0.023607923007341713,-0.0043963271470915735,3.0,0.06727423622629555,-0.05883680096942673,0.19338527342201783,4.0,0.07722677677317896,-0.0333405573113188,0.18779411085767672,6.0
Georgia State,-0.13515872367113912,-0.008033022319298144,-0.26228442502298,-13.0,0.019749308262387744,0.07300741898961793,-0.033508802464842335,1.0,-0.07954885906226516,0.06901673490488547,-0.22811445302941574,-10.0
Georgia Tech,-0.04004419967819252,-0.04588316213793303,-0.03420523721845199,-3.0,-0.03641774152573843,-0.24374760824638653,0.17091212519490967,-6.0,-0.07411755196425107,-0.29583712513664023,0.1476020212081381,-7.0
Hawai_i,-0.03538628951035744,-0.07212614118466981,0.0013535621639549633,0.0,0.13050541675034313,0.10932719035478888,0.15168364314589733,6.0,0.09486801495183964,0.03661302422129781,0.15312300568238146,4.0
Houston,0.00411735575493255,0.006999574221197236,0.0012351372886678924,1.0,-0.13200470811867437,-0.22509634578063675,-0.03891307045671211,-11.0,-0.12704365392073258,-0.21495683998366766,-0.03913046785779764,-9.0
Illinois,-0.023595100229755417,-0.011952922286186052,-0.035237278173324726,1.0,-0.08174538073697057,-0.1177853638084636,-0.0457053976654776,-2.0,-0.10185155714764904,-0.11834421010253582,-0.0853589041927621,-4.0
Indiana,-0.004910850872239525,0.0054402491338017,-0.015261950878280972,-1.0,0.010461469724143857,0.04606772589343411,-0.025144786445146616,0.0,0.01337870970166355,0.0557541297748525,-0.028996710371525625,0.0
Iowa,-0.0020767275399443674,0.009725560587983129,-0.013879015667871863,0.0,0.019122483823579728,-0.005434747917813787,0.0436797155649733,5.0,0.017150042039634106,0.002630152226454574,0.031669931852813527,7.0
Iowa State,-0.012108472349434019,-0.019963810889507272,-0.004253133809360987,-2.0,-0.023643189339977666,0.06237424648901013,-0.10966062516896558,0.0,-0.018000529459353043,0.04690552255625402,-0.08290658147496022,3.0
Jacksonville State,0.05754104216151622,-0.016607393086238403,0.1316894774092708,6.0,0.05170627606841689,0.09981568462967047,0.003596867507163308,2.0,0.0968859775312652,0.08807349955305752,0.1056984555094729,7.0
James Madison,0.002930350348723909,0.010897055927067911,-0.005036355229620093,1.0,-0.08429910349307768,-0.2347476561446909,0.06614944915853549,-5.0,-0.08315290905047756,-0.22666095517815263,0.06035513707719731,-6.0
Kansas,0.002332514290701568,0.009337761657071869,-0.0046727330756687335,0.0,0.010100374256121328,-0.01744501875365731,0.037645767265899965,2.0,0.013602846675651037,-0.005064108066521467,0.03226980141782354,5.0
Kansas State,-0.009774231021531521,-0.014162733938704264,-0.0053857281043589444,1.0,0.023349299780379584,0.04272387658473975,0.003974722976019307,3.0,0.00648373610683084,0.014599112160838645,-0.001631639947177077,4.0
Kennesaw State,-0.11087829132973898,-0.19963766856475074,-0.02211891409472727,-6.0,-0.010101384140930314,-0.23816873255628757,0.21796596427442683,0.0,-0.1034995290758185,-0.40522438518588155,0.19822532703424445,-6.0
Kent State,0.0003954897102027566,0.004502589134682045,-0.0037116097142767535,0.0,0.08518477595095558,0.03026704082738607,0.14010251107452498,2.0,0.08672681705492757,0.03762131924431944,0.13583231486553565,2.0
Kentucky,0.0014164860270556856,0.01002771554815196,-0.007194743494040701,1.0,-0.05596835875485384,-0.06883711145345961,-0.043099606056248074,-2.0,-0.05354253487630134,-0.054922825691166244,-0.052162244061436325,0.0
LSU,0.0009112751712538891,0.006520024032398375,-0.004697473689890597,-2.0,-0.07163548503971895,-0.08302795877058022,-0.060243011308857675,-2.0,-0.06940044586953142,-0.0730712248030374,-0.06572966693602544,-2.0
Liberty,0.002463200530157361,0.009649281089063377,-0.004722880028748613,-2.0,-0.004812544022915699,-0.13238442967292374,0.12275934162709236,0.0,-0.0011323972165854235,-0.11959047628814368,0.11732568185497284,0.0
Louisiana,0.00036147302241607004,0.008314641893535812,-0.007591695848703783,1.0,-0.16882671119700043,-0.33784214914951993,0.00018872675551895313,-12.0,-0.16704387190168613,-0.32577509996187154,-0.008312643841500766,-13.0
Louisiana Monroe,0.0004662358675269207,0.007700238613457283,-0.006767766878403525,0.0,-0.0812344139543627,-0.18362275735484634,0.021153929446120823,-1.0,-0.07891704302916414,-0.17136638659378262,0.0135323005354544,-2.0
Louisiana Tech,-0.0016576609562662936,0.005437669890663785,-0.008752991803196358,3.0,0.05874451234747974,0.19463023687248496,-0.07714121217752548,5.0,0.05863499456171023,0.20418306533026,-0.08691307620683958,4.0
Louisville,0.047472540248591266,0.08759664439105119,0.007348436106131229,6.0,-0.10939468388334883,-0.2299607356157829,0.011171367849085123,-6.0,-0.058341157021292944,-0.13311463250501743,0.016432318462431428,-1.0
Marshall,0.1144102515091151,0.005736679945188727,0.22308382307304148,5.0,0.013821168233356551,-0.004601338835897639,0.03224367530261074,1.0,0.10434546259214345,0.004311060260003788,0.20437986492428312,2.0
Maryland,0.0027792218899118926,0.01032426465468235,-0.004765820874858551,1.0,0.037442803433014316,0.11923975681195462,-0.0443541499459259,2.0,0.024341234673425638,0.09851968238377598,-0.04983721303692473,0.0
Memphis,-0.19083437202833498,-0.36494095840983487,-0.01672778564683504,-16.0,0.07011659578539631,0.09840073897281398,0.04183245259797863,6.0,-0.04795037748663589,-0.12079396736479298,0.02489321239152123,-3.0
Miami,0.2168093636511954,0.34005687984017796,0.0935618474622133,4.0,-0.058522907820981906,-0.11608348965512216,-0.000962325986841206,-3.0,0.16827146828675565,0.27007306229978134,0.06646987427373019,2.0
Miami (OH),-0.10914874466075838,-0.21336496714631803,-0.004932522175198739,-12.0,0.262771186378302,0.35548556737593606,0.17005680538066792,26.0,0.09633317186032167,0.028284390793419212,0.1643819529272241,9.0
Michigan,0.000776242801631355,0.006287176855561016,-0.004734691252298084,1.0,0.05075965937235638,0.04128799036382669,0.060231328380886184,4.0,0.04911645233910389,0.050863548709690454,0.047369355968517324,5.0
Michigan State,0.02087125829230385,0.011118419874373897,0.030624096710233806,3.0,0.016605460204299205,-0.08080218526232363,0.11401310567092204,1.0,0.0340906882572789,-0.06560205409600306,0.13378343061056086,4.0
Middle Tennessee,0.197541460974791,0.3994363022979127,-0.004353380348330757,8.0,0.02266878734550898,-0.01221050206592078,0.057548076756938724,1.0,0.1767593802930323,0.30148144531261795,0.05203731527344664,7.0
Minnesota,0.003240300175259919,0.010818211714431786,-0.004337611363911975,1.0,0.03569754869870023,0.04209565793087454,0.02929943946652591,3.0,0.03989408854916726,0.0545073289562375,0.025280848142097023,2.0
Mississippi State,0.002854060978268791,0.010215445219257324,-0.00450732326271952,-1.0,0.1035401338318318,0.06476738840893792,0.14231287925472602,3.0,0.10770799513849227,0.07838376875798403,0.13703222151900085,3.0
Missouri,0.0026207206161131813,0.010320623522665273,-0.0050791822904387995,1.0,0.02202040675289818,0.019165647334564384,0.024875166171232088,3.0,0.025940656678013596,0.032849731675365534,0.01903158168066188,5.0
Missouri State,0.029646522546957432,0.06306083054791803,-0.003767785454003192,4.0,-0.007375108995895163,-0.01543351847169716,0.0006833004799068343,0.0,0.02220593649749575,0.04822045258998853,-0.0038085795949969747,2.0
NC State,0.002588269450408076,0.01018323725162773,-0.005006698350811568,1.0,0.009470558374470639,0.06006210603994078,-0.041120989290999485,2.0,0.013341424554594528,0.0735640303284919,-0.046881181219302834,1.0
Navy,-0.0003798961941224033,0.006842821119391385,-0.007602613507636191,4.0,0.005553038477636496,0.013939076734775124,-0.002832999779502174,-2.0,0.007186992450831237,0.02563104982779052,-0.011257064926128036,-1.0
Nebraska,0.12208477420536079,0.24210248291355563,0.00206706549716551,1.0,0.009281546733495016,0.09918822272102079,-0.08062512925403109,1.0,0.14158437657171352,0.34716811677644444,-0.06399936363301761,4.0
Nevada,0.0011585803645168813,0.0064909137768977,-0.004173753047863826,1.0,-0.238105196398453,0.04233978881876066,-0.5185501816156666,-18.0,-0.14546868428512305,0.05197354865638526,-0.3429109172266313,-10.0
New Mexico,0.022841847208545207,0.04430276795973509,0.0013809264573553248,2.0,0.13320684729531607,0.13382674377518644,0.1325869508154458,12.0,0.15813897101344754,0.1841230536377958,0.1321548883890995,13.0
New Mexico State,-0.01263602284377141,0.013781994305081202,-0.03905403999262402,0.0,0.15122882526788833,0.08091573806804514,0.22154191246773156,8.0,0.13756485025142962,0.0968349312803713,0.17829476922248805,7.0
North Carolina,-0.07053877316641577,-0.128591772061047,-0.0124857742717846,-8.0,0.002505062011009529,-0.10745939925859749,0.11246952328061655,1.0,-0.05682573861261275,-0.21290807414136154,0.09925659691613592,-6.0
North Dakota State,0.023153209688630383,0.050305551632109924,-0.003999132254849158,1.0,0.006764859063780049,-0.0067187459500121505,0.020248464077572192,0.0,0.028929748846974634,0.04122722705833532,0.0166322706356139,4.0
North Texas,-0.026113361102928223,-0.048005660809264494,-0.004221061396592007,-4.0,0.0016047341634721768,-0.04162795137720843,0.044837419704152726,1.0,-0.01878657920409893,-0.07747862936283578,0.03990547095463787,-2.0
Northern Illinois,-0.05298669591483762,-0.10124751565165768,-0.004725876178017563,-1.0,-0.0018690084110127847,-0.043144092142131885,0.03940607532010623,-2.0,-0.04376419810319543,-0.12149736469333505,0.03396896848694422,-2.0
Northwestern,-0.0036353141731877425,-0.0008624850597682698,-0.006408143286607215,0.0,0.027356184688907437,-0.03537097829853075,0.09008334767634563,-2.0,0.02625065194807319,-0.0313872650263638,0.08388856892251029,-3.0
Notre Dame,0.00435439063479981,0.013610661315837547,-0.0049018800462379275,0.0,-0.24110505794749226,-0.44194095895533425,-0.04026915693965005,-1.0,-0.2497203479884833,-0.45535004212695185,-0.04409065385001454,-1.0
Ohio,0.018332054955996796,0.027579056898491272,0.00908505301350232,4.0,0.0758658711254431,-0.04198081917024432,0.19371256142113052,7.0,0.09091760312267796,-0.010479922207028869,0.19231512845238483,7.0
Ohio State,-0.0033322394344874606,0.0029744599690493256,-0.009638938838024469,0.0,-0.05962536023471032,-0.09238553507907343,-0.026865185390347213,0.0,-0.061347823347735364,-0.08575649376066163,-0.036939152934809094,-2.0
Oklahoma,0.0041396137402478494,0.01078883497346017,-0.002509607492964472,0.0,0.08722798063156745,0.06526460004138646,0.10919136122174855,9.0,0.08991330399875042,0.07330352338707263,0.10652308461042814,9.0
Oklahoma State,0.002993785445367325,0.010998277256341837,-0.005010706365607076,3.0,0.040002450493328734,0.02403141687589294,0.05597348411076464,8.0,0.0435968709868636,0.036985061000661124,0.05020868097306619,10.0
Old Dominion,0.00272047429662986,0.009826873096424382,-0.004385924503164662,0.0,-0.0044851382323138345,0.026152385652792987,-0.035122662117420655,-2.0,-0.0002684505638728685,0.03963175440710992,-0.04016865553485566,0.0
Ole Miss,0.003187136274536817,0.01113449924003973,-0.004760226690965985,0.0,0.0005434638584500551,-0.028446870486778852,0.029533798203679185,0.0,0.004365225182897836,-0.015326720839224484,0.02405717120502049,0.0
Oregon,0.03128942728964612,0.008772398275009863,0.05380645630428238,1.0,0.08153068884754455,0.05404600969041984,0.10901536800466927,-1.0,0.10238040957058991,0.06562408285113297,0.13913673629004675,0.0
Oregon State,0.003503177002842861,0.011252184719527047,-0.004245830713841325,1.0,-0.12444620404280149,-0.19739687637208092,-0.05149553171352206,-13.0,-0.11961304162429112,-0.18284573561583334,-0.056380347632748906,-11.0
Penn State,0.035259792486379116,0.07566210161120224,-0.005142516638444228,0.0,0.016594900624031128,0.022596794923246843,0.01059300632481519,0.0,0.046195201112942286,0.08771384637528912,0.004676555850595454,0.0
Pittsburgh,-0.042471105108299656,0.0018521787289309533,-0.08679438894553027,-6.0,0.41960762245669836,0.06939843457807005,0.7698168103353267,14.0,0.28146487281766885,0.0744456487395142,0.4884840968958235,9.0
Purdue,0.002133674389346474,0.008271872766889676,-0.004004523988196729,0.0,-0.09017634827099069,-0.013153414581385414,-0.16719928196059597,-7.0,-0.08659489324814451,-0.0014816434441876636,-0.17170814305210136,-6.0
Rice,0.006292796466566969,0.009531468634001061,0.0030541242991328765,2.0,0.016286858241037677,-0.04442069714840702,0.07699441363048237,1.0,0.016725979794534745,-0.03224599893899405,0.06569795852806354,2.0
Rutgers,0.031168930474342105,0.009839449150932378,0.052498411797751846,4.0,-0.007017727815122166,-0.044255727745382,0.030220272115137656,2.0,0.013181337272111515,-0.031326398184813864,0.05768907272903688,4.0
SMU,0.013964001239091473,0.010745312361160497,0.017182690117022448,3.0,0.02233101149062866,-0.008463168160951606,0.05312519114220893,4.0,0.03696067075809489,0.0038667527151562964,0.07005458880103355,4.0
Sacramento State,0.012697202229163596,0.005470147071393705,0.01992425738693332,0.0,0.010764742782945702,-0.01943702097263822,0.04096650653852957,-1.0,0.020980401410275018,-0.010955904388890714,0.05291670720944064,-1.0
Sam Houston State,0.002543788332561643,0.010097615160359022,-0.005010038495235736,0.0,-0.02922651356671665,-0.07403961221636476,0.015586585082931467,0.0,-0.025389201713317593,-0.06060095375479305,0.009822550328157861,1.0
San Diego State,0.01704496229586594,0.010123315324544968,0.02396660926718691,3.0,-0.08293916953330663,0.03379559785619085,-0.1996739369228041,-7.0,-0.06814810018833048,0.04768042121507232,-0.18397662159173328,-4.0
San Jose State,0.030030861696315483,0.010388608294773116,0.04967311509785785,4.0,0.026984057432944616,-0.0012973959625913745,0.05526551082848061,7.0,0.04741073703570829,0.011901139248000459,0.08292033482341613,7.0
South Alabama,-0.013077396986342943,-0.025648739207144833,-0.000506054765541053,0.0,-0.07241551203721405,-0.13572732869014015,-0.009103695384287958,-12.0,-0.08319276850780508,-0.15582543400124926,-0.010560103014360889,-11.0
South Carolina,0.0024440816716714275,0.009653693654802176,-0.004765530311459321,0.0,-0.024532929540482695,-0.24796748006333125,0.19890162098236586,-4.0,-0.02087439194345797,-0.2351676760706306,0.19341889218371466,-2.0
South Florida,-0.01464083935993682,-0.025118683465785496,-0.004162995254088142,0.0,-0.2333805739372996,0.008656524825800316,-0.4754176727003995,-26.0,-0.13606634991848487,-0.01146096868441765,-0.2606717311525521,-12.0
Southern Mississippi,-0.0022277392372933857,0.0023311177451283416,-0.006786596219715141,-1.0,0.05886985873012557,0.11419153073081038,0.0035481867294407388,2.0,0.04493777686150091,0.09315685601804953,-0.00328130229504775,1.0
Stanford,-0.11685071138728015,-0.061036384012428446,-0.17266503876213185,-6.0,-0.050567824255780755,-0.23134751036845747,0.13021186185689596,-3.0,-0.163200922040346,-0.256978506910482,-0.06942333717020999,-9.0
Syracuse,-0.011080565129938602,-0.01784125062353914,-0.004319879636338064,0.0,0.1686917676432774,0.301192712468796,0.03619082281775876,15.0,0.0878886516363995,0.14455648944478577,0.031220813828013227,5.0
TCU,-0.161135352302203,-0.08406285916274321,-0.23820784544166274,-13.0,0.08961102249867325,0.09367855015458282,0.0855434948427638,12.0,-0.03384963608407765,0.023804882303100766,-0.09150415447125593,1.0
Temple,0.14722778789809338,0.0029897594331931288,0.2914658163629937,12.0,-0.021927823037225402,0.014915778142006841,-0.05877142421645762,-7.0,0.08939939308278244,0.02099164105289597,0.1578071451126689,8.0
Tennessee,-0.0415123971675504,-0.023217163935493446,-0.05980763039960735,-1.0,-0.24895789830524517,-0.3874434905278703,-0.11047230608261993,-16.0,-0.28466014772316917,-0.3969459047435453,-0.1723743907027928,-18.0
Texas,-0.010621079119885968,-0.01093289662259167,-0.010309261617180265,-2.0,-0.14823320217701075,-0.23837238221563894,-0.05809402213838277,-4.0,-0.15718773989184842,-0.245735587017051,-0.06863989276664562,-4.0
Texas A&M,0.00450644869934802,0.005626636173692634,0.0033862612250034063,2.0,-0.025953321698129472,-0.062010569456414255,0.010103926060155255,3.0,-0.020635453067673892,-0.05296294659133838,0.011692040455990704,3.0
Texas State,-0.003680833875000067,0.007823248230630409,-0.015184915980630515,1.0,0.01854043508980363,-0.07530646550417641,0.11238733568378372,3.0,0.01617098769724007,-0.06372737505348725,0.09606935044796742,2.0
Texas Tech,0.0024349624413375626,0.009999876280632147,-0.005129951397957022,2.0,-0.06634540962809099,-0.05430553815433303,-0.07838528110184895,-3.0,-0.06285317068438878,-0.04141906606543866,-0.08428727530333902,-2.0
Toledo,0.027321713536293202,0.05957246160584306,-0.004929034533256493,5.0,-0.09398686977804005,-0.25133419317881467,0.06336045362273462,-7.0,-0.08128780159395943,-0.22026521687914635,0.05768961369122755,-4.0
Troy,0.002592182394520748,0.010253923944501975,-0.005069559155460479,0.0,-0.01910584845606428,-0.053983685905153,0.015771988993024455,-6.0,-0.015224281223659542,-0.040388038338649304,0.009939475891330263,-5.0
Tulane,-0.024159951790584694,-0.00950150690548654,-0.038818396675682876,-1.0,0.030150039250786242,-0.058798888857440196,0.11909896735901265,-1.0,0.007428504143980774,-0.05677737338090014,0.07163438166886166,-2.0
Tulsa,0.005656105974807202,0.009885223002811847,0.0014269889468025987,2.0,0.004042500122195314,-0.0022890652432077108,0.010374065487598338,3.0,0.009644741963032721,0.010817722830307297,0.008471761095758201,4.0
UAB,0.0009439367413070499,0.008212561007022487,-0.006324687524408387,0.0,-0.05190988303872121,-0.040688879101883894,-0.06313088697555853,-7.0,-0.049582779545559945,-0.02934979020032076,-0.06981576889079914,-6.0
UCF,-0.3665777113326746,-0.7216300809044359,-0.011525341760913355,-36.0,0.03066120501649605,-0.03209054745193418,0.09341295748492606,-1.0,-0.21701609890990992,-0.5151110495285092,0.08107885170868934,-18.0
UCLA,0.003908047787385405,0.013191628451013182,-0.005375532876242373,3.0,-0.09258513725605633,-0.2257848694221274,0.04061459491001462,-6.0,-0.099902311972355,-0.23061973908676414,0.03081511514205415,-4.0
UMass,0.0037517002699906654,0.011677600568144986,-0.004174200028163599,-2.0,-0.014812020415486626,-0.0004491773431583024,-0.02917486348781495,-1.0,-0.011441339792599148,0.009810768747059717,-0.03269344833225801,0.0
UNLV,-0.04514518737189485,0.00521084867298266,-0.09550122341677236,-2.0,0.08537479117840799,0.035727858231585974,0.13502172412523,11.0,0.049171626564387005,0.04328713577674276,0.05505611735203125,7.0
USC,0.04683627788401168,0.09580795773557216,-0.0021354019675486613,0.0,0.06294304154121155,0.03035761378865165,0.09552846929377141,-1.0,0.10179315588959503,0.11059899881836066,0.09298731296082936,-1.0
UT San Antonio,-0.0023067341815387055,0.005869760453876216,-0.010483228816953738,0.0,-0.02803212685358003,-0.01888088452076797,-0.03718336918639198,1.0,-0.028911388783119496,-0.008918018909444103,-0.04890475865679483,0.0
UTEP,0.004083157515544,0.011770002868023655,-0.003603687836935654,1.0,0.06813852455436276,-0.023785400775322735,0.16006244988404827,1.0,0.06962900861111465,-0.01652324995764748,0.15578126717987684,1.0
Utah,0.002454566530474267,0.008089477049371574,-0.003180343988422818,0.0,-0.17221580653601798,-0.30151503730556506,-0.04291657576647134,1.0,-0.1690411769617728,-0.29078922350434633,-0.04729313041919947,1.0
Utah State,0.0013353829889291569,0.007566046239454685,-0.0048952802615963575,-1.0,-0.04561374448402872,-0.03250119007055574,-0.058726298897501694,-4.0,-0.04302029366935983,-0.021682282701335764,-0.0643583046373839,-5.0
Vanderbilt,0.0025652040739446713,0.01013886206777892,-0.005008453919889577,1.0,-0.012404587622153462,-0.04039333596106809,0.015584160716761164,2.0,-0.008414582503938672,-0.026651114019203614,0.00982194901132627,3.0
Virginia,0.0024533641227355574,0.009801709982817153,-0.004894981737346038,0.0,-0.019173563023690776,-0.026077588463220946,-0.012269537584160606,-3.0,-0.015462455767056293,-0.013023711661353743,-0.017901199872758955,-3.0
Virginia Tech,0.0035476927733164576,0.009812287880271331,-0.0027169023336383047,1.0,-0.03347655852264564,-0.11693439258993799,0.049981275544646764,-3.0,-0.032048408870721135,-0.1039243089806503,0.039827491239208035,-2.0
Wake Forest,0.052096366368956204,0.024967362879752653,0.07922536985815964,4.0,-0.061940145263514435,-0.07253415054508361,-0.05134613998194537,-4.0,-0.00864146679156752,-0.06585577014596711,0.048572836562831845,0.0
Washington,0.00351297153054686,0.010390887815849958,-0.0033649447547563494,1.0,-0.012687152982243766,-0.05348850901257013,0.028114203048082542,2.0,-0.007890216507758674,-0.03977527359827748,0.023994840582760135,2.0
Washington State,-0.003414993660233623,0.003801843796965354,-0.0106318311174326,-2.0,-0.005696617479679589,-0.02995484355149225,0.018561608592133072,-2.0,-0.007950651177116214,-0.02253891040625644,0.006637608052024013,-3.0
West Virginia,0.0055146649974874284,0.01025133187995575,0.0007779981150191628,1.0,0.048051638848015665,0.04658009291314813,0.04952318478288323,5.0,0.05366607416206004,0.06017230366890247,0.047159844655217664,5.0
Western Kentucky,-0.00015876901755118578,0.004399480692665658,-0.00471701872776803,1.0,0.0035569052248319855,-0.14568721577245325,0.1528010262221171,2.0,0.027603478852131158,-0.09216715215550986,0.14737410985977215,2.0
Western Michigan,0.005403668754338731,0.009309842544019786,0.0014974949646576752,0.0,0.09847955007561565,0.2267838858231012,-0.029824785671869858,11.0,0.06311555654615603,0.15507549687140937,-0.02884438377909726,6.0
Wisconsin,0.020936058921685263,0.008739889972273263,0.033132227871097375,3.0,0.0456769195216471,-0.021957562181677326,0.11331140122497174,1.0,0.06314062777373453,-0.010459434010958502,0.13674068955842766,2.0
Wyoming,0.01576420630127401,0.0555958450612386,-0.024067432458690585,-1.0,-0.13619392967547342,-0.2987998899137403,0.026412030562793398,-7.0,-0.1195808564470606,-0.2365201265202549,-0.0026415863738663004,-6.0
