game_id,team,unres_b,gap_b,unres_c,gap_c,monotone,gap,final,cfbd_clean,cfbd_total,cfbd_total_eq_final
401858201,Stanford,True,23.0,True,23.0,False,-4.0,37.0,False,41.0,False
401858206,Stanford,True,6.0,False,0.0,False,-3.0,6.0,False,9.0,False
401858206,Miami,True,38.0,False,0.0,False,-10.0,45.0,False,55.0,False
401858436,USC,True,39.0,False,0.0,False,-12.0,39.0,False,51.0,False
401858433,Oregon,True,20.0,True,20.0,False,-3.0,34.0,False,37.0,False
401856661,Louisville,True,22.0,True,22.0,True,3.0,38.0,True,35.0,False
401858224,Purdue,True,29.0,True,29.0,False,-42.0,36.0,False,78.0,False
401858224,Wake Forest,True,31.0,True,31.0,False,-10.0,38.0,False,48.0,False
401862702,Army,True,0.0,False,0.0,False,-16.0,24.0,False,40.0,False
401856790,UCF,True,7.0,False,0.0,False,-1.0,7.0,False,8.0,False
401859184,Notre Dame,True,45.0,True,45.0,True,7.0,52.0,True,45.0,False
401860881,Memphis,True,0.0,False,0.0,False,13.0,20.0,False,7.0,False
401856783,Texas Tech,True,14.0,True,14.0,True,0.0,35.0,True,35.0,True
401862703,Florida Atlantic,True,24.0,True,24.0,False,-10.0,38.0,False,48.0,False
401864502,Air Force,True,32.0,True,32.0,False,0.0,32.0,False,32.0,True
401864502,North Dakota State,True,24.0,True,24.0,False,-14.0,38.0,False,52.0,False
401858445,USC,True,42.0,True,42.0,False,-14.0,49.0,False,63.0,False
401858454,Ohio State,True,59.0,True,59.0,False,0.0,59.0,False,59.0,True
401858460,Wisconsin,True,19.0,True,19.0,True,19.0,54.0,True,35.0,False
401856695,Vanderbilt,False,7.0,False,0.0,True,7.0,35.0,True,28.0,False
401862710,Old Dominion,True,17.0,True,17.0,True,7.0,17.0,True,10.0,False
401862771,Florida Atlantic,True,16.0,True,16.0,False,-10.0,16.0,False,26.0,False
401864443,Middle Tennessee,True,0.0,False,0.0,False,-3.0,27.0,False,30.0,False
401856793,Northern Illinois,False,7.0,False,0.0,True,7.0,17.0,True,10.0,False
401866425,Kent State,True,19.0,True,19.0,False,-1.0,26.0,False,27.0,False
401856816,Utah,True,25.0,True,24.0,False,-15.0,31.0,False,46.0,False
401861970,Miami (OH),True,23.0,False,0.0,True,1.0,24.0,True,23.0,False
401864579,New Mexico State,False,12.0,False,6.0,True,6.0,18.0,True,12.0,False
401858464,Nebraska,True,13.0,False,0.0,False,-6.0,31.0,False,37.0,False
401869961,James Madison,True,46.0,True,46.0,False,-7.0,46.0,False,53.0,False
