game_id,team,side,silver_games,outcomes,neon,byplay_off,byplay_both,bronze_off,bronze_both
401856634,Alabama,home,48.0,48.0,48,48,48,48,48
401856634,East Carolina,away,10.0,10.0,10,10,10,10,10
401856636,Auburn,home,17.0,17.0,17,17,17,17,17
401856636,Baylor,away,16.0,16.0,16,16,16,16,16
401856637,Florida,home,66.0,66.0,66,66,66,66,66
401856637,Florida Atlantic,away,21.0,21.0,21,21,21,21,21
401856660,LSU,home,51.0,51.0,51,51,51,51,51
401856660,Clemson,away,10.0,10.0,10,10,10,10,10
401856661,Ole Miss,home,41.0,41.0,41,41,41,41,41
401856661,Louisville,away,38.0,38.0,38,38,38,38,38
401856662,Mississippi State,home,62.0,62.0,62,62,62,62,62
401856662,Louisiana Monroe,away,13.0,13.0,13,13,13,13,13
401856664,Oklahoma,home,51.0,51.0,51,51,51,51,51
401856664,UTEP,away,0.0,0.0,0,0,0,0,0
401856665,South Carolina,home,57.0,57.0,57,57,57,57,57
401856665,Kent State,away,0.0,0.0,0,0,0,0,0
401856667,Texas,home,59.0,59.0,59,59,59,59,59
401856667,Texas State,away,7.0,7.0,7,7,7,7,7
401856668,Texas A&M,home,50.0,50.0,50,50,50,50,50
401856668,Missouri State,away,0.0,0.0,0,0,0,0,0
401856670,Utah,home,43.0,43.0,43,43,43,43,43
401856670,Arkansas,away,10.0,10.0,10,10,10,10,10
401856671,Auburn,home,43.0,43.0,43,43,43,43,43
401856671,Southern Mississippi,away,8.0,8.0,8,8,8,8,8
401856673,Georgia,home,70.0,70.0,70,70,70,70,70
401856673,Western Kentucky,away,20.0,20.0,20,20,20,20,20
401856674,Kentucky,home,17.0,17.0,17,17,17,17,17
401856674,Alabama,away,45.0,45.0,45,45,45,45,45
401856676,Ole Miss,home,41.0,41.0,41,41,41,41,41
401856676,Charlotte,away,9.0,9.0,9,9,9,9,9
401856677,Minnesota,home,13.0,13.0,13,13,13,13,13
401856677,Mississippi State,away,38.0,38.0,38,38,38,38,38
401856678,Kansas,home,21.0,21.0,21,21,21,21,21
401856678,Missouri,away,38.0,38.0,38,38,38,38,38
401856679,Michigan,home,17.0,17.0,17,17,17,17,17
401856679,Oklahoma,away,10.0,10.0,10,10,10,10,10
401856681,Georgia Tech,home,24.0,24.0,24,24,24,24,24
401856681,Tennessee,away,45.0,45.0,45,45,45,45,45
401856682,Texas,home,24.0,24.0,24,24,24,24,24
401856682,Ohio State,away,23.0,23.0,23,23,23,23,23
401856683,Texas A&M,home,48.0,48.0,48,48,48,48,48
401856683,Arizona State,away,20.0,20.0,20,20,20,20,20
401856684,Vanderbilt,home,35.0,35.0,35,35,35,35,35
401856684,Delaware,away,26.0,26.0,26,26,26,26,26
401856685,Alabama,home,50.0,50.0,50,50,50,50,50
401856685,Florida State,away,36.0,36.0,36,36,36,36,36
401856686,Arkansas,home,17.0,17.0,17,17,17,17,17
401856686,Georgia,away,45.0,45.0,45,45,45,45,45
401856687,Auburn,home,39.0,39.0,39,39,39,39,39
401856687,Florida,away,44.0,44.0,44,44,44,44,44
401856688,Ole Miss,home,32.0,32.0,32,32,32,32,32
401856688,LSU,away,24.0,24.0,24,24,24,24,24
401856689,Missouri,home,27.0,27.0,27,27,27,27,27
401856689,Troy,away,17.0,17.0,17,17,17,17,17
401856690,Oklahoma,home,14.0,14.0,14,14,14,14,14
401856690,New Mexico,away,6.0,6.0,6,6,6,6,6
401856691,South Carolina,home,34.0,34.0,34,34,34,34,34
401856691,Mississippi State,away,41.0,41.0,41,41,41,41,41
401856692,Tennessee,home,42.0,42.0,42,42,42,42,42
401856692,Kennesaw State,away,9.0,9.0,9,9,9,9,9
401856693,Texas,home,30.0,30.0,30,30,30,30,30
401856693,UT San Antonio,away,6.0,6.0,6,6,6,6,6
401856694,Texas A&M,home,21.0,21.0,21,21,21,21,21
401856694,Kentucky,away,31.0,31.0,31,31,31,31,31
401856695,Vanderbilt,home,35.0,35.0,35,28,35,28,35
401856695,NC State,away,31.0,31.0,31,31,31,31,31
401856696,Alabama,home,49.0,49.0,49,49,49,49,49
401856696,South Carolina,away,18.0,18.0,18,18,18,18,18
401856697,Arkansas,home,34.0,34.0,34,34,34,34,34
401856697,Tulsa,away,6.0,6.0,6,6,6,6,6
401856698,Auburn,home,21.0,21.0,21,21,21,21,21
401856698,Vanderbilt,away,15.0,15.0,15,15,15,15,15
401856699,Florida,home,52.0,52.0,52,52,52,52,52
401856699,Ole Miss,away,28.0,28.0,28,28,28,28,28
401856700,Georgia,home,41.0,41.0,41,41,41,41,41
401856700,Oklahoma,away,13.0,13.0,13,13,13,13,13
401856702,LSU,home,35.0,35.0,35,35,35,35,35
401856702,Texas A&M,away,6.0,6.0,6,6,6,6,6
401856703,Mississippi State,home,31.0,31.0,31,31,31,31,31
401856703,Missouri,away,24.0,24.0,24,24,24,24,24
401856704,Tennessee,home,17.0,17.0,17,17,17,17,17
401856704,Texas,away,20.0,20.0,20,20,20,20,20
401856766,TCU,home,10.0,10.0,10,10,10,10,10
401856766,North Carolina,away,15.0,15.0,15,15,15,15,15
401856772,Tulsa,home,24.0,24.0,24,24,24,24,24
401856772,Oklahoma State,away,10.0,10.0,10,10,10,10,10
401856776,Georgia Tech,home,13.0,13.0,13,13,13,13,13
401856776,Colorado,away,14.0,14.0,14,14,14,14,14
401856777,Cincinnati,home,34.0,34.0,34,34,34,34,34
401856777,Boston College,away,15.0,15.0,15,15,15,15,15
401856778,Houston,home,33.0,33.0,33,33,33,33,33
401856778,Oregon State,away,20.0,20.0,20,20,20,20,20
401856780,West Virginia,home,31.0,31.0,31,31,31,31,31
401856780,Coastal Carolina,away,24.0,24.0,24,24,24,24,24
401856781,Kansas State,home,34.0,34.0,34,34,34,34,34
401856781,Washington State,away,7.0,7.0,7,7,7,7,7
401856782,Oklahoma State,home,39.0,39.0,39,39,39,39,39
401856782,Oregon,away,31.0,31.0,31,31,31,31,31
401856783,Oregon State,home,24.0,24.0,24,24,24,24,24
401856783,Texas Tech,away,35.0,35.0,35,35,35,35,35
401856788,Iowa,home,16.0,16.0,16,16,16,16,16
401856788,Iowa State,away,13.0,13.0,13,13,13,13,13
401856790,Pittsburgh,home,12.0,12.0,12,12,12,12,12
401856790,UCF,away,7.0,7.0,7,13,13,13,13
401856792,Kansas State,home,31.0,31.0,31,31,31,31,31
401856792,Tulane,away,20.0,20.0,20,20,20,20,20
401856793,Arizona,home,42.0,42.0,42,42,42,42,42
401856793,Northern Illinois,away,17.0,17.0,17,17,17,17,17
401856795,Colorado State,home,23.0,23.0,23,23,23,23,23
401856795,BYU,away,41.0,41.0,41,41,41,41,41
401856796,Northwestern,home,41.0,41.0,41,41,41,41,41
401856796,Colorado,away,7.0,7.0,7,7,7,7,7
401856797,Cincinnati,home,35.0,35.0,35,35,35,35,35
401856797,Miami (OH),away,31.0,31.0,31,31,31,31,31
401856798,Iowa State,home,55.0,55.0,55,55,55,55,55
401856798,Bowling Green,away,7.0,7.0,7,7,7,7,7
401856799,TCU,home,31.0,31.0,31,31,31,31,31
401856799,Arkansas State,away,7.0,7.0,7,7,7,7,7
401856800,UCF,home,44.0,44.0,44,44,44,44,44
401856800,Georgia State,away,30.0,30.0,30,30,30,30,30
401856801,Utah,home,33.0,33.0,33,33,33,33,33
401856801,Utah State,away,0.0,0.0,0,0,0,0,0
401856802,Virginia,home,27.0,27.0,27,27,27,27,27
401856802,West Virginia,away,38.0,38.0,38,38,38,38,38
401856804,Washington State,home,24.0,24.0,24,24,24,24,24
401856804,Arizona,away,34.0,34.0,34,34,34,34,34
401856805,Texas Tech,home,49.0,49.0,49,49,49,49,49
401856805,Sam Houston State,away,14.0,14.0,14,14,14,14,14
401856806,Georgia Southern,home,28.0,28.0,28,28,28,28,28
401856806,Houston,away,42.0,42.0,42,42,42,42,42
401856810,BYU,home,28.0,28.0,28,28,28,28,28
401856810,Arizona,away,17.0,17.0,17,17,17,17,17
401856811,Texas Tech,home,28.0,28.0,28,28,28,28,28
401856811,Houston,away,26.0,26.0,26,26,26,26,26
401856812,Kansas,home,17.0,17.0,17,17,17,17,17
401856812,Arizona State,away,24.0,24.0,24,24,24,24,24
401856813,Baylor,home,23.0,23.0,23,23,23,23,23
401856813,Colorado,away,13.0,13.0,13,13,13,13,13
401856814,Cincinnati,home,31.0,31.0,31,31,31,31,31
401856814,Kansas State,away,26.0,26.0,26,26,26,26,26
401856815,UCF,home,21.0,21.0,21,21,21,21,21
401856815,TCU,away,13.0,13.0,13,13,13,13,13
401856816,Iowa State,home,17.0,17.0,17,17,17,17,17
401856816,Utah,away,31.0,31.0,31,31,31,31,31
401856881,West Virginia,home,24.0,24.0,24,24,24,24,24
401856881,Oklahoma State,away,41.0,41.0,41,41,41,41,41
401858201,Stanford,home,37.0,37.0,37,37,37,37,37
401858201,Hawai_i,away,27.0,27.0,27,27,27,27,27
401858202,Virginia,home,34.0,34.0,34,34,34,34,34
401858202,NC State,away,8.0,8.0,8,8,8,8,8
401858204,Wake Forest,home,38.0,38.0,38,38,38,38,38
401858204,Akron,away,16.0,16.0,16,16,16,16,16
401858206,Stanford,home,6.0,6.0,6,6,6,6,6
401858206,Miami,away,45.0,45.0,45,45,45,45,45
401858207,Pittsburgh,home,59.0,59.0,59,59,59,59,59
401858207,Miami (OH),away,14.0,14.0,14,14,14,14,14
401858209,Duke,home,17.0,17.0,17,17,17,17,17
401858209,Tulane,away,3.0,3.0,3,3,3,3,3
401858210,California,home,24.0,24.0,24,24,24,24,24
401858210,UCLA,away,45.0,45.0,45,45,45,45,45
401858212,Florida State,home,24.0,24.0,24,24,24,24,24
401858212,SMU,away,27.0,27.0,27,27,27,27,27
401858214,Boston College,home,28.0,28.0,28,28,28,28,28
401858214,Rutgers,away,21.0,21.0,21,21,21,21,21
401858216,Syracuse,home,18.0,18.0,18,18,18,18,18
401858216,California,away,21.0,21.0,21,21,21,21,21
401858217,Illinois,home,27.0,27.0,27,27,27,27,27
401858217,Duke,away,31.0,31.0,31,31,31,31,31
401858219,Clemson,home,22.0,22.0,22,22,22,22,22
401858219,Georgia Southern,away,7.0,7.0,7,7,7,7,7
401858221,Virginia Tech,home,44.0,44.0,44,44,44,44,44
401858221,Old Dominion,away,21.0,21.0,21,21,21,21,21
401858224,Purdue,home,36.0,36.0,36,36,36,36,36
401858224,Wake Forest,away,38.0,38.0,38,38,38,38,38
401858225,Pittsburgh,home,27.0,27.0,27,27,27,27,27
401858225,Syracuse,away,13.0,13.0,13,13,13,13,13
401858226,Wake Forest,home,20.0,20.0,20,20,20,20,20
401858226,Miami,away,33.0,33.0,33,33,33,33,33
401858229,Clemson,home,28.0,28.0,28,28,28,28,28
401858229,North Carolina,away,20.0,20.0,20,20,20,20,20
401858230,Louisville,home,41.0,41.0,41,41,41,41,41
401858230,SMU,away,31.0,31.0,31,31,31,31,31
401858231,Duke,home,35.0,35.0,35,35,35,35,35
401858231,Stanford,away,7.0,7.0,7,7,7,7,7
401858232,Maryland,home,26.0,26.0,26,26,26,26,26
401858232,Virginia Tech,away,35.0,35.0,35,35,35,35,35
401858234,California,home,10.0,10.0,10,10,10,10,10
401858234,Clemson,away,24.0,24.0,24,24,24,24,24
401858238,Miami,home,52.0,52.0,52,52,52,52,52
401858238,Central Michigan,away,3.0,3.0,3,3,3,3,3
401858239,Virginia,home,42.0,42.0,42,42,42,42,42
401858239,Delaware,away,3.0,3.0,3,3,3,3,3
401858240,Stanford,home,34.0,34.0,34,34,34,34,34
401858240,Georgia Tech,away,27.0,27.0,27,27,27,27,27
401858241,SMU,home,34.0,34.0,34,34,34,34,34
401858241,Missouri State,away,24.0,24.0,24,24,24,24,24
401858242,Boston College,home,14.0,14.0,14,14,14,14,14
401858242,Virginia Tech,away,21.0,21.0,21,21,21,21,21
401858243,Louisville,home,27.0,27.0,27,27,27,27,27
401858243,Wake Forest,away,30.0,30.0,30,30,30,30,30
401858423,Rutgers,home,21.0,21.0,21,21,21,21,21
401858423,UMass,away,37.0,37.0,37,37,37,37,37
401858424,Illinois,home,42.0,42.0,42,42,42,42,42
401858424,UAB,away,23.0,23.0,23,23,23,23,23
401858425,Indiana,home,52.0,52.0,52,52,52,52,52
401858425,North Texas,away,16.0,16.0,16,16,16,16,16
401858426,Iowa,home,40.0,40.0,40,40,40,40,40
401858426,Northern Illinois,away,0.0,0.0,0,0,0,0,0
401858428,Michigan,home,13.0,13.0,13,13,13,13,13
401858428,Western Michigan,away,12.0,12.0,12,12,12,12,12
401858429,Michigan State,home,30.0,30.0,30,30,30,30,30
401858429,Toledo,away,20.0,20.0,20,21,21,21,21
401858430,Nebraska,home,49.0,49.0,49,49,49,49,49
401858430,Ohio,away,21.0,21.0,21,21,21,21,21
401858432,Ohio State,home,56.0,56.0,56,56,56,56,56
401858432,Ball State,away,3.0,3.0,3,3,3,3,3
401858433,Oregon,home,34.0,34.0,34,34,34,34,34
401858433,Boise State,away,27.0,27.0,27,27,27,27,27
401858434,Penn State,home,45.0,45.0,45,45,45,45,45
401858434,Marshall,away,0.0,0.0,0,0,0,0,0
401858436,USC,home,39.0,39.0,39,39,39,39,39
401858436,Fresno State,away,0.0,0.0,0,0,0,0,0
401858437,Washington,home,24.0,24.0,24,24,24,24,24
401858437,Washington State,away,10.0,10.0,10,10,10,10,10
401858438,Notre Dame,home,41.0,41.0,41,41,41,41,41
401858438,Wisconsin,away,13.0,13.0,13,13,13,13,13
401858440,Michigan State,home,35.0,35.0,35,35,35,35,35
401858440,Eastern Michigan,away,7.0,7.0,7,7,7,7,7
401858441,Nebraska,home,56.0,56.0,56,56,56,56,56
401858441,Bowling Green,away,7.0,7.0,7,7,7,7,7
401858442,Temple,home,9.0,9.0,9,9,9,9,9
401858442,Penn State,away,27.0,27.0,27,27,27,27,27
401858443,UCLA,home,28.0,28.0,28,28,28,28,28
401858443,San Diego State,away,10.0,10.0,10,10,10,10,10
401858444,Connecticut,home,14.0,14.0,14,14,14,14,14
401858444,Maryland,away,38.0,38.0,38,38,38,38,38
401858445,USC,home,49.0,49.0,49,49,49,49,49
401858445,Louisiana,away,30.0,30.0,30,30,30,30,30
401858446,Washington,home,16.0,16.0,16,16,16,16,16
401858446,Utah State,away,14.0,14.0,14,14,14,14,14
401858449,Indiana,home,38.0,38.0,38,38,38,38,38
401858449,Western Kentucky,away,0.0,0.0,0,0,0,0,0
401858450,Michigan,home,52.0,52.0,52,52,52,52,52
401858450,UTEP,away,17.0,17.0,17,17,17,17,17
401858451,Minnesota,home,41.0,41.0,41,41,41,41,41
401858451,Akron,away,7.0,7.0,7,7,7,7,7
401858453,Notre Dame,home,27.0,27.0,27,27,27,27,27
401858453,Michigan State,away,10.0,10.0,10,10,10,10,10
401858454,Ohio State,home,59.0,59.0,59,59,59,59,59
401858454,Kent State,away,3.0,3.0,3,3,3,3,3
401858456,Penn State,home,55.0,55.0,55,55,55,55,55
401858456,Buffalo,away,13.0,13.0,13,13,13,13,13
401858457,Rutgers,home,35.0,35.0,35,35,35,35,35
401858457,USC,away,42.0,42.0,42,42,42,42,42
401858458,UCLA,home,52.0,52.0,52,52,52,52,52
401858458,Purdue,away,38.0,38.0,38,38,38,38,38
401858460,Wisconsin,home,54.0,54.0,54,48,54,48,54
401858460,Eastern Michigan,away,10.0,10.0,10,10,10,10,10
401858461,Indiana,home,29.0,29.0,29,29,29,29,29
401858461,Northwestern,away,23.0,23.0,23,23,23,23,23
401858462,Maryland,home,3.0,3.0,3,3,3,3,3
401858462,UCLA,away,54.0,54.0,54,54,54,54,54
401858463,Michigan,home,19.0,19.0,19,19,19,19,19
401858463,Iowa,away,20.0,20.0,20,20,20,20,20
401858464,Michigan State,home,13.0,13.0,13,13,13,13,13
401858464,Nebraska,away,31.0,31.0,31,31,31,31,31
401858465,Ohio State,home,42.0,42.0,42,42,42,42,42
401858465,Illinois,away,19.0,19.0,19,19,19,19,19
401858466,Penn State,home,20.0,20.0,20,20,20,20,20
401858466,Wisconsin,away,24.0,24.0,24,24,24,24,24
401858467,Purdue,home,10.0,10.0,10,10,10,10,10
401858467,Notre Dame,away,49.0,49.0,49,49,49,49,49
401858469,USC,home,27.0,27.0,27,27,27,27,27
401858469,Oregon,away,41.0,41.0,41,41,41,41,41
401858470,Washington,home,24.0,24.0,24,24,24,24,24
401858470,Minnesota,away,27.0,27.0,27,27,27,27,27
401859184,Notre Dame,home,52.0,52.0,52,52,52,52,52
401859184,Rice,away,0.0,0.0,0,0,0,0,0
401860878,Colorado State,home,35.0,35.0,35,35,35,35,35
401860878,Wyoming,away,13.0,13.0,13,13,13,13,13
401860881,Boise State,home,38.0,38.0,38,38,38,38,38
401860881,Memphis,away,20.0,20.0,20,21,21,21,21
401860883,Fresno State,home,49.0,49.0,49,49,49,49,49
401860883,Sacramento State,away,3.0,3.0,3,3,3,3,3
401860884,Texas State,home,26.0,26.0,26,26,26,26,26
401860884,UT San Antonio,away,31.0,31.0,31,31,31,31,31
401860887,San Diego State,home,13.0,13.0,13,13,13,13,13
401860887,James Madison,away,26.0,26.0,26,26,26,26,26
401860888,San Jose State,home,10.0,10.0,10,10,10,10,10
401860888,Fresno State,away,26.0,26.0,26,26,26,26,26
401860889,Texas State,home,49.0,49.0,49,49,49,49,49
401860889,North Texas,away,35.0,35.0,35,35,35,35,35
401860891,Fresno State,home,38.0,38.0,38,38,38,38,38
401860891,Rice,away,24.0,24.0,24,24,24,24,24
401860893,Toledo,home,41.0,41.0,41,41,41,41,41
401860893,San Diego State,away,16.0,16.0,16,16,16,16,16
401860894,Utah State,home,21.0,21.0,21,21,21,21,21
401860894,Troy,away,10.0,10.0,10,10,10,10,10
401860895,UTEP,home,7.0,7.0,7,7,7,7,7
401860895,Oregon State,away,33.0,33.0,33,33,33,33,33
401860896,UT San Antonio,home,59.0,59.0,59,59,59,59,59
401860896,Colorado State,away,45.0,45.0,45,45,45,45,45
401860897,Western Michigan,home,7.0,7.0,7,7,7,7,7
401860897,Boise State,away,32.0,32.0,32,32,32,32,32
401861963,Southern Mississippi,home,20.0,20.0,20,20,20,20,20
401861963,Connecticut,away,48.0,48.0,48,48,48,48,48
401861970,Miami (OH),home,24.0,24.0,24,24,24,24,24
401861970,Connecticut,away,21.0,21.0,21,21,21,21,21
401862693,UNLV,home,21.0,21.0,21,21,21,21,21
401862693,Memphis,away,27.0,27.0,27,27,27,27,27
401862695,Memphis,home,42.0,42.0,42,42,42,42,42
401862695,Arkansas State,away,24.0,24.0,24,24,24,24,24
401862699,South Florida,home,19.0,19.0,19,19,19,19,19
401862699,Florida International,away,9.0,9.0,9,9,9,9,9
401862702,Army,home,24.0,24.0,24,30,30,30,30
401862702,South Florida,away,28.0,28.0,28,28,28,28,28
401862703,Florida Atlantic,home,38.0,38.0,38,38,38,38,38
401862703,Navy,away,30.0,30.0,30,30,30,30,30
401862705,North Texas,home,44.0,44.0,44,44,44,44,44
401862705,UNLV,away,6.0,6.0,6,6,6,6,6
401862707,Sam Houston State,home,17.0,17.0,17,17,17,17,17
401862707,Tulsa,away,23.0,23.0,23,23,23,23,23
401862708,UAB,home,26.0,26.0,26,26,26,26,26
401862708,Louisiana Monroe,away,20.0,20.0,20,20,20,20,20
401862710,Old Dominion,home,17.0,17.0,17,17,17,17,17
401862710,East Carolina,away,20.0,20.0,20,20,20,20,20
401862771,Florida Atlantic,home,16.0,16.0,16,16,16,16,16
401862771,Florida International,away,10.0,10.0,10,10,10,10,10
401862773,Rice,home,21.0,21.0,21,21,21,21,21
401862773,Western Michigan,away,28.0,28.0,28,28,28,28,28
401862774,Toledo,home,49.0,49.0,49,49,49,49,49
401862774,Temple,away,48.0,48.0,48,48,48,48,48
401862776,Louisiana,home,21.0,21.0,21,21,21,21,21
401862776,UAB,away,14.0,14.0,14,14,14,14,14
401862778,UAB,home,24.0,24.0,24,24,24,24,24
401862778,Navy,away,20.0,20.0,20,20,20,20,20
401862779,Temple,home,17.0,17.0,17,17,17,17,17
401862779,Army,away,21.0,21.0,21,21,21,21,21
401862780,Charlotte,home,7.0,7.0,7,7,7,7,7
401862780,Louisiana,away,34.0,34.0,34,34,34,34,34
401862782,Louisiana Monroe,home,17.0,17.0,17,17,17,17,17
401862782,Florida Atlantic,away,45.0,45.0,45,45,45,45,45
401862784,Tulane,home,24.0,24.0,24,24,24,24,24
401862784,Southern Mississippi,away,21.0,21.0,21,21,21,21,21
401862785,Bowling Green,home,6.0,6.0,6,6,6,6,6
401862785,South Florida,away,14.0,14.0,14,14,14,14,14
401864432,Nevada,home,49.0,49.0,49,49,49,49,49
401864432,Western Kentucky,away,14.0,14.0,14,14,14,14,14
401864443,Middle Tennessee,home,27.0,27.0,27,30,30,30,30
401864443,Nevada,away,20.0,20.0,20,20,20,20,20
401864494,USC,home,42.0,42.0,42,42,42,42,42
401864494,San Jose State,away,26.0,26.0,26,26,26,26,26
401864495,Eastern Michigan,home,21.0,21.0,21,21,21,21,21
401864495,San Jose State,away,27.0,27.0,27,27,27,27,27
401864497,Hawai_i,home,6.0,6.0,6,6,6,6,6
401864497,UNLV,away,21.0,21.0,21,21,21,21,21
401864498,New Mexico,home,38.0,38.0,38,38,38,38,38
401864498,Central Michigan,away,7.0,7.0,7,7,7,7,7
401864502,Air Force,home,32.0,32.0,32,32,32,32,32
401864502,North Dakota State,away,38.0,38.0,38,38,38,38,38
401864507,Sacramento State,home,10.0,10.0,10,10,10,10,10
401864507,North Dakota State,away,31.0,31.0,31,31,31,31,31
401864508,Central Michigan,home,24.0,24.0,24,24,24,24,24
401864508,Wyoming,away,10.0,10.0,10,10,10,10,10
401864509,Nevada,home,33.0,33.0,33,33,33,33,33
401864509,Air Force,away,36.0,36.0,36,36,36,37,37
401864510,Wyoming,home,27.0,27.0,27,27,27,27,27
401864510,Hawai_i,away,10.0,10.0,10,10,10,10,10
401864511,Georgia State,home,35.0,35.0,35,35,35,35,35
401864511,Northern Illinois,away,14.0,14.0,14,14,14,14,14
401864512,Akron,home,10.0,10.0,10,10,10,10,10
401864512,UNLV,away,38.0,38.0,38,38,38,38,38
401864570,Florida State,home,34.0,34.0,34,34,34,34,34
401864570,New Mexico State,away,17.0,17.0,17,17,17,17,17
401864571,East Carolina,home,24.0,24.0,24,24,24,24,24
401864571,Appalachian State,away,27.0,27.0,27,27,27,27,27
401864572,NC State,home,41.0,41.0,41,41,41,41,41
401864572,Appalachian State,away,31.0,31.0,31,31,31,31,31
401864574,Appalachian State,home,26.0,26.0,26,26,26,26,26
401864574,Charlotte,away,21.0,21.0,21,21,21,21,21
401864575,Tulane,home,28.0,28.0,28,28,28,28,28
401864575,South Alabama,away,24.0,24.0,24,24,24,24,24
401864576,Kentucky,home,45.0,45.0,45,45,45,45,45
401864576,South Alabama,away,21.0,21.0,21,21,21,21,21
401864577,North Dakota State,home,33.0,33.0,33,33,33,33,33
401864577,Jacksonville State,away,7.0,7.0,7,7,7,7,7
401864578,Hawai_i,home,29.0,29.0,29,29,29,29,29
401864578,New Mexico State,away,19.0,19.0,19,19,19,19,19
401864579,New Mexico State,home,18.0,18.0,18,12,12,12,12
401864579,New Mexico,away,42.0,42.0,42,42,42,42,42
401866408,Eastern Michigan,home,28.0,28.0,28,28,28,28,28
401866408,Sacramento State,away,17.0,17.0,17,17,17,17,17
401866414,Florida International,home,33.0,33.0,33,33,33,33,33
401866414,Buffalo,away,20.0,20.0,20,20,20,20,20
401866418,Ohio,home,29.0,29.0,29,29,29,29,29
401866418,Jacksonville State,away,27.0,27.0,27,27,27,27,27
401866422,Liberty,home,51.0,51.0,51,51,51,51,51
401866422,Ball State,away,15.0,15.0,15,15,15,15,15
401866423,South Alabama,home,41.0,41.0,41,41,41,41,41
401866423,Ohio,away,36.0,36.0,36,36,36,36,36
401866425,Kent State,home,26.0,26.0,26,26,26,26,26
401866425,Ball State,away,13.0,13.0,13,13,13,13,13
401866429,Sacramento State,home,6.0,6.0,6,6,6,6,6
401866429,UMass,away,35.0,35.0,35,35,35,35,35
401867796,LSU,home,45.0,45.0,45,45,45,45,45
401867796,Louisiana Tech,away,14.0,14.0,14,14,14,14,14
401867804,Baylor,home,36.0,36.0,36,36,36,36,36
401867804,Louisiana Tech,away,19.0,19.0,19,19,19,19,19
401869931,Arkansas State,home,17.0,17.0,17,17,17,17,17
401869931,Kennesaw State,away,14.0,14.0,14,14,14,14,14
401869940,Delaware,home,22.0,22.0,22,22,22,22,22
401869940,Coastal Carolina,away,14.0,14.0,14,14,14,14,14
401869941,Coastal Carolina,home,17.0,17.0,17,17,17,17,17
401869941,Liberty,away,34.0,34.0,34,34,34,34,34
401869948,Jacksonville State,home,31.0,31.0,31,31,31,31,31
401869948,Georgia Southern,away,27.0,27.0,27,27,27,27,27
401869955,Kennesaw State,home,17.0,17.0,17,17,17,17,17
401869955,Georgia State,away,31.0,31.0,31,31,31,31,31
401869960,James Madison,home,20.0,20.0,20,20,20,20,20
401869960,Liberty,away,13.0,13.0,13,13,13,13,13
401869961,Old Dominion,home,20.0,20.0,20,20,20,20,20
401869961,James Madison,away,46.0,46.0,46,46,46,46,46
401870763,Troy,home,24.0,24.0,24,24,24,24,24
401870763,Sam Houston State,away,21.0,21.0,21,21,21,21,21
401871045,Marshall,home,28.0,28.0,28,28,28,28,28
401871045,Middle Tennessee,away,26.0,26.0,26,26,26,26,26
401871047,Missouri State,home,24.0,24.0,24,24,24,24,24
401871047,Marshall,away,30.0,30.0,30,30,30,30,30
401871048,Jacksonville State,home,23.0,23.0,23,23,23,23,23
401871048,Middle Tennessee,away,13.0,13.0,13,13,13,13,13
