game_id,team,has_line,final,line,base,r1,q_match_base,q_match_r1,quarters,r1_all,base_all
401858201,Stanford,True,37.0,"[7.0, 7.0, 9.0, 14.0]","[7.0, 7.0, 0.0, 0.0]","[7.0, 7.0, 0.0, 0.0]",2,2,4,False,False
401858206,Stanford,True,6.0,"[3.0, 3.0, 0.0, 0.0]","[0.0, 0.0, 0.0, 0.0]","[3.0, 3.0, 0.0, 0.0]",2,4,4,True,False
401858206,Miami,True,45.0,"[14.0, 14.0, 14.0, 3.0]","[7.0, 0.0, 0.0, 0.0]","[15.0, 13.0, 14.0, 3.0]",0,2,4,False,False
401858436,USC,True,39.0,"[7.0, 23.0, 2.0, 7.0]","[0.0, 0.0, 0.0, 0.0]","[7.0, 23.0, 2.0, 7.0]",0,4,4,True,False
401858433,Oregon,True,34.0,"[0.0, 14.0, 10.0, 10.0]","[0.0, 14.0, 0.0, 0.0]","[0.0, 14.0, 0.0, 0.0]",2,2,4,False,False
401856661,Louisville,True,38.0,"[3.0, 3.0, 18.0, 14.0]","[3.0, 3.0, 10.0, 0.0]","[3.0, 3.0, 10.0, 0.0]",2,2,4,False,False
401858224,Purdue,True,36.0,"[7.0, 3.0, 3.0, 10.0, 13.0]","[7.0, 0.0, 0.0, 0.0, 0.0]","[7.0, 0.0, 0.0, 0.0, 0.0]",1,1,5,False,False
401858224,Wake Forest,True,38.0,"[7.0, 10.0, 3.0, 3.0, 15.0]","[7.0, 0.0, 0.0, 0.0, 0.0]","[7.0, 0.0, 0.0, 0.0, 0.0]",1,1,5,False,False
401862702,Army,True,24.0,"[0.0, 14.0, 0.0, 10.0]","[0.0, 10.0, 0.0, 14.0]","[0.0, 14.0, 0.0, 10.0]",2,4,4,True,False
401856790,UCF,True,7.0,"[0.0, 0.0, 0.0, 7.0]","[0.0, 0.0, 0.0, 0.0]","[0.0, 0.0, 0.0, 7.0]",3,4,4,True,False
401859184,Notre Dame,True,52.0,"[21.0, 21.0, 10.0, 0.0]","[7.0, 0.0, 0.0, 0.0]","[7.0, 0.0, 0.0, 0.0]",1,1,4,False,False
401860881,Memphis,True,20.0,"[7.0, 13.0, 0.0, 0.0]","[7.0, 13.0, 0.0, 0.0]","[7.0, 13.0, 0.0, 0.0]",4,4,4,True,True
401856783,Texas Tech,True,35.0,"[0.0, 14.0, 7.0, 14.0]","[0.0, 14.0, 7.0, 0.0]","[0.0, 14.0, 7.0, 0.0]",3,3,4,False,False
401862703,Florida Atlantic,True,38.0,"[14.0, 17.0, 7.0, 0.0]","[14.0, 0.0, 0.0, 0.0]","[14.0, 0.0, 0.0, 0.0]",2,2,4,False,False
401864502,Air Force,True,32.0,"[0.0, 13.0, 0.0, 19.0]","[0.0, 0.0, 0.0, 0.0]","[0.0, 0.0, 0.0, 0.0]",2,2,4,False,False
401864502,North Dakota State,True,38.0,"[7.0, 21.0, 7.0, 3.0]","[7.0, 7.0, 0.0, 0.0]","[7.0, 7.0, 0.0, 0.0]",1,1,4,False,False
401858445,USC,True,49.0,"[7.0, 21.0, 7.0, 14.0]","[7.0, 0.0, 0.0, 0.0]","[7.0, 0.0, 0.0, 0.0]",1,1,4,False,False
401858454,Ohio State,True,59.0,"[21.0, 14.0, 7.0, 17.0]","[0.0, 0.0, 0.0, 0.0]","[0.0, 0.0, 0.0, 0.0]",0,0,4,False,False
401858460,Wisconsin,True,54.0,"[3.0, 28.0, 10.0, 13.0]","[3.0, 28.0, 4.0, 0.0]","[3.0, 29.0, 3.0, 0.0]",2,1,4,False,False
401856695,Vanderbilt,True,35.0,"[0.0, 7.0, 7.0, 21.0]","[0.0, 7.0, 7.0, 14.0]","[0.0, 7.0, 7.0, 21.0]",3,4,4,True,False
401862710,Old Dominion,True,17.0,"[0.0, 17.0, 0.0, 0.0]","[0.0, 0.0, 0.0, 0.0]","[0.0, 0.0, 0.0, 0.0]",3,3,4,False,False
401862771,Florida Atlantic,True,16.0,"[10.0, 0.0, 6.0, 0.0]","[0.0, 0.0, 0.0, 0.0]","[0.0, 0.0, 0.0, 0.0]",2,2,4,False,False
401864443,Middle Tennessee,True,27.0,"[7.0, 3.0, 7.0, 10.0]","[7.0, 3.0, 7.0, 10.0]","[7.0, 3.0, 7.0, 10.0]",4,4,4,True,True
401856793,Northern Illinois,True,17.0,"[10.0, 0.0, 0.0, 7.0]","[10.0, 0.0, 0.0, 0.0]","[16.0, 0.0, 0.0, 1.0]",3,2,4,False,False
401866425,Kent State,True,26.0,"[7.0, 10.0, 0.0, 9.0]","[7.0, 0.0, 0.0, 0.0]","[7.0, 0.0, 0.0, 0.0]",2,2,4,False,False
401856816,Utah,True,31.0,"[14.0, 10.0, 0.0, 7.0]","[6.0, 0.0, 0.0, 0.0]","[7.0, 0.0, 0.0, 0.0]",1,1,4,False,False
401861970,Miami (OH),True,24.0,"[0.0, 14.0, 7.0, 3.0]","[0.0, 1.0, 0.0, 0.0]","[2.0, 12.0, 7.0, 3.0]",1,2,4,False,False
401864579,New Mexico State,True,18.0,"[0.0, 3.0, 0.0, 15.0]","[0.0, 3.0, 0.0, 3.0]","[3.0, 0.0, 0.0, 9.0]",3,1,4,False,False
401858464,Nebraska,True,31.0,"[7.0, 17.0, 0.0, 7.0]","[7.0, 11.0, 0.0, 0.0]","[7.0, 17.0, 0.0, 7.0]",2,4,4,True,False
401869961,James Madison,True,46.0,"[17.0, 13.0, 6.0, 10.0]","[0.0, 0.0, 0.0, 0.0]","[0.0, 0.0, 0.0, 0.0]",0,0,4,False,False
