season,game_id,week
2015,400603832,1
2015,400603835,1
2015,400603836,1
2015,400603838,1
2015,400603867,2
2015,400603881,5
2015,400603884,5
2015,400603893,7
2015,400603907,10
2015,400603908,10
2015,400603920,13
2015,400603930,12
2015,400603934,11
2015,400756886,1
2015,400756888,1
2015,400756889,1
2015,400756906,2
2015,400756912,2
2015,400756929,3
2015,400756934,4
2015,400756951,6
2015,400756952,6
2015,400756961,8
2015,400756993,12
2015,400757015,2
2015,400757023,2
2015,400757046,6
2015,400757049,6
2015,400757061,9
2015,400757064,9
2015,400757072,10
2015,400760498,11
2015,400763411,2
2015,400763412,2
2015,400763433,6
2015,400763439,7
2015,400763449,10
2015,400763455,11
2015,400763457,11
2015,400763460,12
2015,400763466,13
2015,400763472,1
2015,400763495,1
2015,400763496,1
2015,400763499,2
2015,400763506,2
2015,400763509,3
2015,400763512,3
2015,400763533,5
2015,400763536,6
2015,400763543,7
2015,400763548,8
2015,400763555,9
2015,400763556,9
2015,400763558,10
2015,400763559,10
2015,400763571,12
2015,400763589,1
2015,400763595,2
2015,400763596,2
2015,400763601,3
2015,400763611,4
2015,400763645,10
2015,400763658,12
2015,400764860,1
2015,400764861,1
2015,400764869,3
2015,400764870,4
2015,400764898,9
2015,400764914,12
2015,400787112,1
2015,400787242,3
2015,400787243,3
2015,400787268,8
2015,400787273,9
2015,400787277,10
2015,400787292,13
2015,400787296,13
2015,400787302,1
2015,400787305,2
2015,400787330,7
2015,400787334,8
2015,400787349,11
2015,400787353,11
2015,400787364,13
2015,400787419,2
2015,400787442,3
2015,400787448,6
2015,400787458,8
2015,400787460,9
2015,400787462,9
2015,400787464,10
2015,400787469,11
2015,400787470,11
2015,400787471,11
2015,400787475,12
2015,400787477,13
2015,400787478,13
2015,400787482,14
2015,400852685,1
2015,400852729,1
2015,400852730,1
2015,400852738,1
2016,400868887,1
2016,400868912,3
2016,400868923,2
2016,400868928,7
2016,400868952,7
2016,400868953,9
2016,400868956,13
2016,400868981,2
2016,400868985,2
2016,400868991,2
2016,400868995,3
2016,400868997,3
2016,400869018,6
2016,400869020,6
2016,400869024,7
2016,400869029,8
2016,400869054,11
2016,400869060,12
2016,400869064,12
2016,400869067,13
2016,400869091,1
2016,400869094,1
2016,400869100,2
2016,400869101,2
2016,400869104,2
2016,400869113,3
2016,400869114,3
2016,400869119,4
2016,400869123,4
2016,400869126,5
2016,400869133,6
2016,400869140,8
2016,400869152,10
2016,400869158,11
2016,400869167,13
2016,400869171,13
2016,400869178,1
2016,400869181,1
2016,400869190,2
2016,400869208,5
2016,400869217,6
2016,400869222,7
2016,400869225,8
2016,400869231,9
2016,400869238,10
2016,400869244,11
2016,400869248,12
2016,400869264,1
2016,400869276,2
2016,400869279,3
2016,400869280,3
2016,400869281,3
2016,400869287,4
2016,400869289,4
2016,400869292,4
2016,400869298,5
2016,400869303,6
2016,400869307,7
2016,400869313,8
2016,400869315,8
2016,400869319,9
2016,400869327,11
2016,400869337,13
2016,400869342,1
2016,400869346,1
2016,400869348,1
2016,400869358,3
2016,400869359,3
2016,400869365,4
2016,400869366,4
2016,400869367,4
2016,400869369,4
2016,400869375,5
2016,400869412,12
2016,400869413,12
2016,400869420,13
2016,400869428,1
2016,400869430,2
2016,400869436,2
2016,400869455,5
2016,400869470,8
2016,400869486,11
2016,400869490,12
2016,400869503,1
2016,400869519,3
2016,400869525,4
2016,400869529,5
2016,400869530,5
2016,400869533,6
2016,400869539,7
2016,400869558,11
2016,400869567,13
2016,400869568,13
2016,400869619,1
2016,400869624,1
2016,400869633,2
2016,400869639,10
2016,400869661,5
2016,400869677,8
2016,400869687,10
2016,400869697,12
2016,400869699,13
2016,400869723,7
2016,400869810,1
2016,400869817,4
2016,400869820,5
2016,400869821,5
2016,400869826,7
2016,400869832,8
2016,400869844,11
2016,400869853,13
2016,400876041,1
2016,400876093,1
2016,400876098,1
2016,400876108,1
2016,400903226,1
2016,400928102,1
2017,400933828,1
2017,400933840,1
2017,400933858,3
2017,400933891,7
2017,400933892,7
2017,400933894,8
2017,400933896,8
2017,400933897,8
2017,400933910,10
2017,400933915,11
2017,400933916,11
2017,400933920,11
2017,400933930,13
2017,400933936,13
2017,400933937,13
2017,400933938,13
2017,400934511,3
2017,400934524,6
2017,400934527,7
2017,400934534,8
2017,400934539,9
2017,400934543,10
2017,400934548,11
2017,400934556,13
2017,400934557,13
2017,400934558,13
2017,400934567,7
2017,400934570,1
2017,400934577,6
2017,400935235,1
2017,400935242,2
2017,400935243,2
2017,400935260,2
2017,400935262,2
2017,400935266,2
2017,400935267,2
2017,400935278,4
2017,400935280,4
2017,400935290,6
2017,400935299,7
2017,400935300,8
2017,400935304,9
2017,400935306,9
2017,400935308,9
2017,400935314,10
2017,400935321,12
2017,400935328,13
2017,400935359,4
2017,400935365,5
2017,400935369,5
2017,400935376,6
2017,400935386,8
2017,400935394,9
2017,400935402,10
2017,400935418,13
2017,400937451,1
2017,400937464,3
2017,400937475,4
2017,400937485,5
2017,400937493,7
2017,400937503,8
2017,400937517,11
2017,400937523,12
2017,400937533,13
2017,400938606,3
2017,400938608,3
2017,400938619,4
2017,400938622,5
2017,400938623,5
2017,400938630,6
2017,400938636,7
2017,400938639,8
2017,400938648,9
2017,400938652,10
2017,400938653,10
2017,400938657,11
2017,400938662,12
2017,400938663,12
2017,400938664,12
2017,400938665,12
2017,400938667,13
2017,400938893,9
2017,400941788,1
2017,400941799,3
2017,400941809,5
2017,400941811,5
2017,400941821,7
2017,400941826,8
2017,400941829,8
2017,400941831,9
2017,400941832,7
2017,400941834,10
2017,400941835,10
2017,400941836,10
2017,400941839,9
2017,400941843,11
2017,400941849,13
2017,400941851,13
2017,400941853,13
2017,400944831,2
2017,400944839,3
2017,400944841,4
2017,400944842,4
2017,400944850,6
2017,400944852,7
2017,400944853,7
2017,400944854,7
2017,400944859,8
2017,400944868,10
2017,400944880,13
2017,400944884,14
2017,400944885,14
2017,400944888,14
2017,400944890,1
2017,400944898,2
2017,400944903,4
2017,400944986,5
2017,400944987,5
2017,400944990,6
2017,400944993,6
2017,400945004,8
2017,400945005,9
2017,400945009,10
2017,400945031,1
2017,400945249,1
2017,400945252,1
2017,400945261,4
2017,400945269,6
2017,400945274,7
2017,400945276,7
2017,400945277,7
2017,400945283,9
2017,400945284,9
2017,400945286,9
2017,400945297,11
2017,400945298,11
2017,400945302,12
2017,400945305,12
2017,400945307,13
2017,400953325,1
2017,400953391,1
2017,400953396,1
2017,400953398,1
2017,400953399,1
2017,400953415,1
2017,400959397,1
2017,400959398,1
2017,400981507,6
2017,400985387,14
2017,400986609,9
2018,401012246,1
2018,401012259,1
2018,401012285,4
2018,401012302,6
2018,401012318,8
2018,401012320,9
2018,401012324,10
2018,401012327,10
2018,401012334,11
2018,401012338,12
2018,401012348,12
2018,401012356,13
2018,401012683,1
2018,401012743,3
2018,401012744,3
2018,401012749,4
2018,401012759,6
2018,401012775,9
2018,401012797,13
2018,401012806,3
2018,401012851,1
2018,401012862,1
2018,401012874,3
2018,401012880,1
2018,401012890,3
2018,401013049,2
2018,401013068,8
2018,401013078,13
2018,401013097,2
2018,401013101,2
2018,401013151,8
2018,401013166,10
2018,401013168,11
2018,401013175,12
2018,401013177,12
2018,401013185,13
2018,401013188,10
2018,401013328,1
2018,401013346,4
2018,401013348,8
2018,401013350,3
2018,401013362,6
2018,401013365,10
2018,401013372,9
2018,401013438,2
2018,401014973,1
2018,401014981,2
2018,401014990,2
2018,401014998,4
2018,401015008,6
2018,401015020,8
2018,401015034,10
2018,401015038,11
2018,401015042,11
2018,401015043,11
2018,401015054,13
2018,401015056,13
2018,401016406,4
2018,401019472,1
2018,401019476,1
2018,401019482,2
2018,401019492,4
2018,401019511,8
2018,401019512,8
2018,401019513,8
2018,401019514,9
2018,401019518,10
2018,401019530,12
2018,401020677,2
2018,401020680,3
2018,401020684,4
2018,401020686,4
2018,401020688,5
2018,401020759,7
2018,401020760,7
2018,401020765,8
2018,401020768,9
2018,401020783,12
2018,401021655,1
2018,401021660,3
2018,401021683,10
2018,401021693,12
2018,401022510,1
2018,401022517,1
2018,401022521,3
2018,401022534,7
2018,401022535,7
2018,401022538,8
2018,401022539,8
2018,401022542,8
2018,401022545,9
2018,401022555,11
2018,401022570,13
2018,401032061,1
2018,401032068,1
2018,401032070,1
2018,401032076,1
2018,401032078,1
2018,401032081,1
2018,401035252,1
2018,401079833,1
2019,401110802,4
2019,401110822,7
2019,401110827,8
2019,401112078,7
2019,401112108,5
2019,401112110,9
2019,401112116,3
2019,401112117,5
2019,401112130,3
2019,401112154,11
2019,401112161,5
2019,401112201,1
2019,401112212,1
2019,401112231,3
2019,401112239,2
2019,401112245,1
2019,401112251,1
2019,401112258,2
2019,401112262,1
2019,401112265,4
2019,401112266,9
2019,401112452,3
2019,401112455,3
2019,401112472,5
2019,401112479,7
2019,401112488,8
2019,401112489,8
2019,401112504,11
2019,401114155,4
2019,401114159,9
2019,401114160,11
2019,401114165,2
2019,401114168,7
2019,401114184,1
2019,401114196,8
2019,401114216,12
2019,401114219,3
2019,401114241,1
2019,401114247,2
2019,401114268,5
2019,401114274,6
2019,401114292,8
2019,401114294,9
2019,401114319,13
2019,401114325,14
2019,401114333,12
2019,401114334,14
2019,401114341,5
2019,401114343,7
2019,401117214,7
2019,401117513,5
2019,401117533,9
2019,401117538,10
2019,401117541,11
2019,401117553,13
2019,401117855,1
2019,401117859,1
2019,401117861,2
2019,401117883,8
2019,401117889,9
2019,401117897,10
2019,401117903,12
2019,401117908,13
2019,401117909,13
2019,401117917,14
2019,401119269,4
2019,401119273,6
2019,401119274,6
2019,401119278,7
2019,401119293,10
2019,401121934,1
2019,401121943,5
2019,401121945,5
2019,401121962,10
2019,401121967,11
2019,401132974,15
2019,401147693,1
2019,401183793,13
2021,401281944,1
2021,401281945,1
2021,401281952,1
2021,401282058,2
2021,401282064,2
2021,401282066,2
2021,401282068,2
2021,401282072,3
2021,401282076,3
2021,401282078,3
2021,401282085,4
2021,401282091,5
2021,401282092,5
2021,401282093,5
2021,401282096,5
2021,401282103,6
2021,401282105,7
2021,401282109,7
2021,401282110,7
2021,401282112,8
2021,401282115,8
2021,401282116,9
2021,401282121,10
2021,401282128,11
2021,401282136,12
2021,401282137,12
2021,401282139,12
2021,401282140,12
2021,401282143,12
2021,401282147,13
2021,401282149,13
2021,401282156,14
2021,401282177,1
2021,401282178,1
2021,401282181,2
2021,401282182,2
2021,401282183,2
2021,401282184,2
2021,401282189,2
2021,401282190,2
2021,401282191,2
2021,401282192,2
2021,401282194,3
2021,401282195,3
2021,401282196,3
2021,401282199,3
2021,401282200,3
2021,401282201,3
2021,401282203,3
2021,401282206,4
2021,401282209,4
2021,401282211,4
2021,401282212,4
2021,401282215,5
2021,401282216,5
2021,401282217,5
2021,401282218,5
2021,401282221,5
2021,401282224,6
2021,401282225,6
2021,401282226,6
2021,401282229,6
2021,401282232,7
2021,401282237,8
2021,401282238,8
2021,401282241,9
2021,401282242,9
2021,401282243,9
2021,401282244,9
2021,401282245,9
2021,401282246,9
2021,401282248,10
2021,401282249,10
2021,401282250,10
2021,401282252,10
2021,401282253,10
2021,401282256,11
2021,401282257,11
2021,401282259,11
2021,401282262,12
2021,401282263,12
2021,401282266,12
2021,401282267,12
2021,401282268,13
2021,401282269,13
2021,401282270,13
2021,401282271,13
2021,401282272,13
2021,401282612,1
2021,401282616,2
2021,401282620,2
2021,401282623,2
2021,401282626,3
2021,401282632,3
2021,401282633,3
2021,401282634,3
2021,401282639,4
2021,401282646,5
2021,401282651,5
2021,401282652,6
2021,401282655,6
2021,401282656,6
2021,401282658,7
2021,401282660,7
2021,401282662,8
2021,401282663,8
2021,401282665,8
2021,401282667,8
2021,401282670,9
2021,401282671,9
2021,401282674,9
2021,401282675,9
2021,401282680,10
2021,401282681,10
2021,401282682,10
2021,401282684,11
2021,401282686,11
2021,401282691,12
2021,401282694,12
2021,401282695,12
2021,401282697,12
2021,401282701,13
2021,401282702,13
2021,401282703,13
2021,401282715,3
2021,401282721,12
2021,401282724,2
2021,401282725,3
2021,401282726,9
2021,401282727,10
2021,401282728,11
2021,401282731,7
2021,401282732,12
2021,401282753,13
2021,401282756,4
2021,401282757,10
2021,401282759,5
2021,401282763,9
2021,401282766,13
2021,401282768,10
2021,401282771,11
2021,401282774,3
2021,401282777,9
2021,401282783,2
2021,401282790,2
2021,401282792,4
2021,401282793,5
2021,401282795,9
2021,401282800,5
2021,401282801,9
2021,401282809,2
2021,401282812,11
2021,401282816,2
2021,401282820,2
2021,401282824,10
2021,401282825,2
2021,401286187,1
2021,401286295,2
2021,401286297,9
2021,401286303,10
2021,401286304,11
2021,401286306,13
2021,401287890,1
2021,401287893,1
2021,401287894,1
2021,401287895,2
2021,401287896,2
2021,401287897,2
2021,401287899,2
2021,401287900,2
2021,401287902,2
2021,401287903,3
2021,401287905,3
2021,401287907,4
2021,401287909,4
2021,401287912,5
2021,401287913,5
2021,401287917,6
2021,401287919,6
2021,401287923,7
2021,401287928,8
2021,401287929,9
2021,401287930,9
2021,401287933,9
2021,401287937,10
2021,401287938,11
2021,401287941,11
2021,401287944,12
2021,401287947,12
2021,401287950,13
2021,401300995,1
2021,401300997,1
2021,401300998,1
2021,401300999,2
2021,401301000,2
2021,401301002,2
2021,401301003,2
2021,401301006,3
2021,401301007,4
2021,401301010,4
2021,401301012,5
2021,401301017,6
2021,401301018,6
2021,401301020,6
2021,401301027,8
2021,401301029,8
2021,401301030,9
2021,401301031,9
2021,401301032,9
2021,401301034,9
2021,401301035,10
2021,401301036,10
2021,401301041,11
2021,401301044,11
2021,401301046,12
2021,401301053,13
2021,401301054,13
2021,401301056,15
2021,401308834,4
2021,401308839,10
2021,401308841,12
2021,401308842,13
2021,401309540,1
2021,401309543,1
2021,401309546,2
2021,401309547,2
2021,401309548,2
2021,401309549,3
2021,401309551,3
2021,401309553,3
2021,401309554,4
2021,401309555,4
2021,401309556,4
2021,401309557,4
2021,401309558,5
2021,401309559,5
2021,401309560,5
2021,401309569,7
2021,401309570,7
2021,401309574,8
2021,401309575,8
2021,401309578,9
2021,401309579,10
2021,401309581,10
2021,401309582,10
2021,401309585,11
2021,401309586,11
2021,401309589,12
2021,401309591,12
2021,401309594,13
2021,401309596,13
2021,401309602,1
2021,401309603,2
2021,401309605,3
2021,401309609,3
2021,401309610,4
2021,401309612,5
2021,401309613,5
2021,401309614,5
2021,401309616,6
2021,401309618,6
2021,401309620,7
2021,401309621,7
2021,401309625,8
2021,401309628,9
2021,401309631,9
2021,401309632,10
2021,401309633,10
2021,401309634,10
2021,401309636,10
2021,401309639,11
2021,401309640,11
2021,401309647,13
2021,401309649,13
2021,401309753,2
2021,401309834,1
2021,401309835,1
2021,401309837,1
2021,401309840,1
2021,401309849,3
2021,401309850,3
2021,401309851,3
2021,401309853,3
2021,401309858,4
2021,401309859,4
2021,401309860,4
2021,401309862,4
2021,401309863,5
2021,401309865,5
2021,401309867,5
2021,401309869,6
2021,401309871,6
2021,401309873,7
2021,401309875,7
2021,401309882,9
2021,401309884,9
2021,401309886,9
2021,401309891,10
2021,401309892,10
2021,401309897,11
2021,401309898,11
2021,401309899,12
2021,401309900,12
2021,401309904,12
2021,401309905,13
2021,401309906,13
2021,401309907,13
2021,401309908,13
2021,401309909,13
2021,401309912,5
2021,401310253,10
2021,401310697,1
2021,401310700,2
2021,401310701,2
2021,401310703,2
2021,401310704,3
2021,401310708,4
2021,401310709,4
2021,401310711,5
2021,401310712,5
2021,401310713,5
2021,401310715,6
2021,401310716,6
2021,401310717,6
2021,401310720,7
2021,401310723,7
2021,401310729,8
2021,401310731,9
2021,401310733,9
2021,401310734,9
2021,401310736,10
2021,401310738,10
2021,401310741,11
2021,401310743,11
2021,401310746,11
2021,401310747,12
2021,401310749,12
2021,401310750,12
2021,401310751,12
2021,401310754,13
2021,401310755,13
2021,401310756,13
2021,401310757,13
2021,401319455,3
2021,401327913,1
2021,401331159,14
2021,401331160,14
2021,401331162,14
2021,401331164,1
2021,401331167,1
2021,401331169,1
2021,401331172,1
2021,401331213,1
2021,401331216,1
2021,401331219,1
2021,401331222,1
2021,401331226,1
2021,401331229,1
2021,401331231,1
2021,401331654,1
2021,401387250,14
2022,401403853,1
2022,401403859,1
2022,401403861,1
2022,401403863,1
2022,401403864,1
2022,401403867,1
2022,401403873,2
2022,401403876,2
2022,401403878,2
2022,401403879,2
2022,401403880,3
2022,401403882,3
2022,401403883,3
2022,401403885,3
2022,401403901,4
2022,401403903,5
2022,401403904,5
2022,401403906,5
2022,401403909,6
2022,401403915,6
2022,401403916,7
2022,401403926,8
2022,401403927,9
2022,401403930,9
2022,401403931,9
2022,401403935,10
2022,401403938,10
2022,401403941,11
2022,401403952,12
2022,401403959,13
2022,401403960,13
2022,401403963,13
2022,401403964,13
2022,401403967,1
2022,401403968,1
2022,401403973,1
2022,401403974,1
2022,401403982,2
2022,401403983,2
2022,401403985,3
2022,401403987,3
2022,401403988,3
2022,401403991,3
2022,401403992,3
2022,401403994,3
2022,401403996,4
2022,401403999,4
2022,401404000,4
2022,401404001,4
2022,401404002,5
2022,401404003,5
2022,401404005,5
2022,401404006,5
2022,401404009,6
2022,401404010,6
2022,401404011,6
2022,401404018,8
2022,401404021,8
2022,401404022,9
2022,401404028,10
2022,401404029,10
2022,401404031,10
2022,401404033,11
2022,401404037,11
2022,401404040,12
2022,401404041,12
2022,401404045,13
2022,401404046,13
2022,401404048,13
2022,401404049,13
2022,401404051,13
2022,401404055,1
2022,401404059,1
2022,401404062,2
2022,401404063,2
2022,401404064,2
2022,401404065,2
2022,401404066,2
2022,401404067,2
2022,401404069,3
2022,401404070,3
2022,401404073,3
2022,401404083,5
2022,401404086,5
2022,401404088,6
2022,401404089,6
2022,401404091,6
2022,401404092,7
2022,401404094,7
2022,401404096,8
2022,401404104,10
2022,401404109,11
2022,401404110,11
2022,401404111,11
2022,401404115,12
2022,401404117,12
2022,401404121,13
2022,401404122,13
2022,401404124,1
2022,401404126,4
2022,401404127,6
2022,401404128,8
2022,401404129,9
2022,401404130,10
2022,401404134,1
2022,401404140,8
2022,401404148,2
2022,401404153,7
2022,401404157,1
2022,401404161,5
2022,401404164,6
2022,401404165,12
2022,401405063,1
2022,401405065,1
2022,401405066,1
2022,401405069,1
2022,401405070,2
2022,401405072,2
2022,401405073,2
2022,401405079,2
2022,401405083,3
2022,401405087,3
2022,401405089,3
2022,401405093,4
2022,401405095,4
2022,401405096,4
2022,401405097,4
2022,401405100,5
2022,401405102,5
2022,401405104,5
2022,401405109,6
2022,401405111,6
2022,401405115,7
2022,401405117,8
2022,401405118,8
2022,401405119,8
2022,401405121,8
2022,401405126,9
2022,401405134,11
2022,401405138,11
2022,401405139,11
2022,401405142,12
2022,401405144,12
2022,401405145,12
2022,401405146,12
2022,401405151,13
2022,401411091,1
2022,401411092,1
2022,401411093,1
2022,401411095,1
2022,401411097,1
2022,401411103,2
2022,401411104,2
2022,401411108,2
2022,401411110,3
2022,401411113,3
2022,401411114,3
2022,401411115,3
2022,401411117,4
2022,401411121,4
2022,401411125,5
2022,401411126,5
2022,401411128,5
2022,401411130,5
2022,401411142,8
2022,401411147,9
2022,401411148,9
2022,401411149,9
2022,401411151,10
2022,401411152,10
2022,401411157,10
2022,401411164,11
2022,401411166,12
2022,401411168,12
2022,401411169,12
2022,401411171,12
2022,401411173,13
2022,401411175,13
2022,401413216,3
2022,401414780,3
2022,401414781,4
2022,401415024,2
2022,401415211,1
2022,401415213,1
2022,401415215,2
2022,401415216,2
2022,401415218,3
2022,401415219,3
2022,401415220,4
2022,401415223,4
2022,401415225,4
2022,401415226,5
2022,401415231,6
2022,401415234,6
2022,401415236,6
2022,401415237,7
2022,401415241,8
2022,401415243,8
2022,401415245,8
2022,401415246,9
2022,401415249,9
2022,401415251,10
2022,401415256,11
2022,401415259,11
2022,401415262,12
2022,401415263,12
2022,401415266,12
2022,401415267,13
2022,401415269,13
2022,401415272,13
2022,401415614,2
2022,401415616,2
2022,401415617,2
2022,401415619,2
2022,401415621,3
2022,401415626,5
2022,401415627,5
2022,401415630,6
2022,401415632,6
2022,401415637,7
2022,401415641,8
2022,401415648,10
2022,401415652,10
2022,401415657,11
2022,401415658,12
2022,401415659,12
2022,401415664,13
2022,401415666,13
2022,401416568,1
2022,401416590,1
2022,401416592,1
2022,401416594,2
2022,401416596,2
2022,401416597,2
2022,401416598,2
2022,401416601,3
2022,401416602,3
2022,401416603,3
2022,401416604,4
2022,401416607,5
2022,401416609,5
2022,401416610,5
2022,401416611,5
2022,401416612,5
2022,401416613,6
2022,401416614,6
2022,401416620,7
2022,401416627,8
2022,401416629,8
2022,401416630,9
2022,401416631,9
2022,401416634,10
2022,401416640,11
2022,401416641,11
2022,401416642,12
2022,401416645,12
2022,401416649,13
2022,401416650,13
2022,401416651,13
2022,401416652,13
2022,401416653,13
2022,401420777,1
2022,401421117,2
2022,401425418,1
2022,401426330,1
2022,401426332,2
2022,401426333,3
2022,401426335,4
2022,401426339,5
2022,401426340,5
2022,401426344,6
2022,401426345,6
2022,401426348,7
2022,401426349,7
2022,401426353,8
2022,401426355,8
2022,401426357,8
2022,401426359,9
2022,401426360,9
2022,401426365,10
2022,401426371,11
2022,401426373,11
2022,401426382,13
2022,401426383,13
2022,401426530,1
2022,401426531,1
2022,401426532,1
2022,401426533,1
2022,401426535,1
2022,401426538,1
2022,401426539,1
2022,401426542,1
2022,401426543,1
2022,401426544,2
2022,401426546,2
2022,401426547,2
2022,401426548,2
2022,401426550,2
2022,401426552,2
2022,401426553,2
2022,401426554,3
2022,401426555,3
2022,401426558,3
2022,401426559,3
2022,401426560,3
2022,401426563,3
2022,401426564,4
2022,401426565,4
2022,401426571,4
2022,401426572,4
2022,401426573,5
2022,401426576,5
2022,401426578,5
2022,401426582,6
2022,401426584,7
2022,401426587,7
2022,401426589,8
2022,401426591,8
2022,401426592,8
2022,401426593,9
2022,401426596,9
2022,401426601,10
2022,401426602,10
2022,401426604,11
2022,401426609,12
2022,401426611,12
2022,401426614,13
2022,401426615,13
2022,401426618,13
2022,401437030,14
2022,401443542,1
2023,401520145,1
2023,401520147,1
2023,401520149,1
2023,401520150,1
2023,401520156,1
2023,401520160,1
2023,401520161,1
2023,401520162,1
2023,401520165,1
2023,401520167,1
2023,401520170,1
2023,401520171,1
2023,401520172,1
2023,401520175,1
2023,401520187,2
2023,401520189,2
2023,401520190,2
2023,401520193,2
2023,401520195,2
2023,401520198,2
2023,401520204,2
2023,401520206,2
2023,401520213,2
2023,401520217,2
2023,401520218,2
2023,401520220,3
2023,401520222,3
2023,401520225,3
2023,401520228,3
2023,401520229,3
2023,401520231,3
2023,401520234,3
2023,401520240,3
2023,401520242,3
2023,401520247,3
2023,401520254,4
2023,401520256,4
2023,401520258,4
2023,401520259,4
2023,401520262,4
2023,401520264,4
2023,401520267,4
2023,401520268,4
2023,401520269,4
2023,401520270,4
2023,401520273,4
2023,401520276,5
2023,401520278,5
2023,401520288,5
2023,401520289,5
2023,401520290,5
2023,401520293,5
2023,401520294,6
2023,401520305,6
2023,401520309,6
2023,401520312,7
2023,401520318,7
2023,401520319,7
2023,401520321,7
2023,401520324,7
2023,401520325,7
2023,401520326,7
2023,401520331,8
2023,401520336,8
2023,401520340,8
2023,401520346,9
2023,401520348,9
2023,401520349,9
2023,401520355,9
2023,401520356,9
2023,401520364,10
2023,401520366,10
2023,401520367,10
2023,401520372,10
2023,401520374,10
2023,401520375,10
2023,401520376,10
2023,401520381,11
2023,401520383,11
2023,401520385,11
2023,401520386,11
2023,401520387,11
2023,401520388,11
2023,401520389,11
2023,401520393,11
2023,401520395,11
2023,401520396,11
2023,401520399,11
2023,401520400,10
2023,401520403,12
2023,401520409,12
2023,401520412,12
2023,401520414,12
2023,401520420,12
2023,401520423,12
2023,401520430,13
2023,401520431,13
2023,401520432,13
2023,401520433,13
2023,401520438,13
2023,401520440,13
2023,401520441,13
2023,401520445,15
2023,401523987,1
2023,401523989,1
2023,401523990,1
2023,401523991,1
2023,401523997,1
2023,401523998,2
2023,401524003,2
2023,401524004,2
2023,401524006,3
2023,401524007,3
2023,401524014,4
2023,401524023,5
2023,401524026,6
2023,401524027,6
2023,401524029,7
2023,401524031,7
2023,401524032,7
2023,401524035,8
2023,401524038,8
2023,401524041,9
2023,401524044,9
2023,401524052,11
2023,401524053,11
2023,401524057,12
2023,401524058,12
2023,401524061,12
2023,401524064,13
2023,401524066,13
2023,401525440,9
2023,401525450,1
2023,401525464,1
2023,401525467,1
2023,401525494,2
2023,401525500,3
2023,401525502,3
2023,401525503,3
2023,401525504,3
2023,401525506,4
2023,401525508,4
2023,401525510,4
2023,401525516,5
2023,401525519,6
2023,401525520,6
2023,401525526,7
2023,401525527,7
2023,401525529,8
2023,401525538,9
2023,401525540,10
2023,401525542,10
2023,401525545,10
2023,401525546,11
2023,401525555,12
2023,401525557,12
2023,401525564,13
2023,401525816,1
2023,401525818,1
2023,401525822,1
2023,401525823,1
2023,401525824,1
2023,401525825,1
2023,401525827,2
2023,401525828,2
2023,401525830,2
2023,401525831,2
2023,401525832,2
2023,401525836,3
2023,401525837,3
2023,401525839,3
2023,401525842,3
2023,401525843,3
2023,401525844,4
2023,401525846,4
2023,401525847,4
2023,401525849,4
2023,401525851,5
2023,401525854,5
2023,401525857,6
2023,401525858,6
2023,401525860,6
2023,401525862,7
2023,401525864,7
2023,401525867,8
2023,401525868,8
2023,401525874,9
2023,401525875,9
2023,401525876,9
2023,401525881,10
2023,401525882,10
2023,401525889,11
2023,401525890,11
2023,401525894,12
2023,401525895,12
2023,401525896,12
2023,401525900,13
2023,401525901,13
2023,401525902,13
2023,401525903,13
2023,401525905,13
2023,401526833,2
2023,401526834,3
2023,401526835,4
2023,401526836,5
2023,401526837,6
2023,401531337,1
2023,401531339,5
2023,401531344,11
2023,401531345,12
2023,401531346,13
2023,401531347,1
2023,401531349,4
2023,401531370,5
2023,401531373,9
2023,401531379,3
2023,401531380,6
2023,401531381,7
2023,401531383,10
2023,401531384,11
2023,401531385,12
2023,401531386,13
2023,401531388,3
2023,401531389,6
2023,401531396,3
2023,401531398,9
2023,401531401,12
2023,401531403,3
2023,401531404,5
2023,401531412,3
2023,401531418,1
2023,401531420,7
2023,401531422,2
2023,401531423,4
2023,401531424,5
2023,401531437,11
2023,401531440,10
2023,401531834,1
2023,401531840,1
2023,401531847,3
2023,401531870,4
2023,401531872,4
2023,401531875,4
2023,401531878,5
2023,401531881,5
2023,401531883,5
2023,401531884,6
2023,401531892,8
2023,401531893,8
2023,401531894,8
2023,401531896,8
2023,401531897,8
2023,401531898,9
2023,401531901,9
2023,401531902,9
2023,401531905,10
2023,401531911,11
2023,401531912,11
2023,401531913,11
2023,401531914,11
2023,401531919,12
2023,401531920,12
2023,401531922,13
2023,401531924,13
2023,401531925,13
2023,401531927,13
2023,401532393,1
2023,401532394,1
2023,401532397,2
2023,401532399,2
2023,401532400,2
2023,401532405,4
2023,401532406,4
2023,401532407,4
2023,401532408,4
2023,401532409,5
2023,401532410,5
2023,401532418,6
2023,401532419,7
2023,401532420,7
2023,401532424,7
2023,401532425,8
2023,401532426,8
2023,401532428,8
2023,401532429,8
2023,401532431,9
2023,401532432,9
2023,401532433,10
2023,401532436,10
2023,401532438,11
2023,401532439,11
2023,401532440,11
2023,401532444,12
2023,401532445,12
2023,401532446,12
2023,401532447,12
2023,401532450,13
2023,401532451,13
2023,401532452,13
2023,401532454,13
2023,401532572,1
2023,401532578,2
2023,401532579,2
2023,401532581,3
2023,401532582,3
2023,401532588,5
2023,401532591,6
2023,401532593,7
2023,401532595,7
2023,401532596,7
2023,401532597,7
2023,401532604,9
2023,401532608,10
2023,401532610,10
2023,401532615,11
2023,401532617,11
2023,401532619,12
2023,401532624,12
2023,401539475,14
2023,401539481,14
2023,401539482,14
2023,401539484,14
2023,401551739,1
2023,401551741,1
2023,401551743,1
2023,401551748,1
2023,401551751,1
2023,401551752,1
2023,401551755,1
2023,401551757,1
2023,401551758,1
2023,401551762,1
2023,401551764,1
2023,401551766,1
2023,401551767,1
2023,401551769,1
2023,401551770,1
2023,401551773,1
2023,401551782,1
2024,401628323,1
2024,401628328,1
2024,401628329,1
2024,401628334,1
2024,401628335,2
2024,401628336,2
2024,401628337,2
2024,401628338,2
2024,401628339,2
2024,401628341,2
2024,401628343,2
2024,401628347,2
2024,401628350,3
2024,401628352,3
2024,401628354,3
2024,401628359,3
2024,401628361,3
2024,401628362,3
2024,401628368,4
2024,401628369,4
2024,401628370,4
2024,401628374,5
2024,401628393,8
2024,401628394,8
2024,401628400,9
2024,401628401,9
2024,401628402,9
2024,401628404,9
2024,401628406,10
2024,401628408,10
2024,401628412,10
2024,401628415,11
2024,401628422,12
2024,401628423,12
2024,401628428,13
2024,401628434,13
2024,401628438,14
2024,401628442,14
2024,401628443,14
2024,401628445,14
2024,401628446,14
2024,401628452,1
2024,401628455,1
2024,401628456,1
2024,401628460,1
2024,401628468,2
2024,401628469,2
2024,401628471,2
2024,401628476,3
2024,401628477,3
2024,401628481,3
2024,401628482,3
2024,401628486,4
2024,401628497,5
2024,401628502,5
2024,401628506,6
2024,401628509,6
2024,401628512,7
2024,401628514,7
2024,401628515,7
2024,401628524,8
2024,401628527,9
2024,401628531,9
2024,401628539,10
2024,401628543,11
2024,401628551,12
2024,401628556,13
2024,401628557,13
2024,401628558,13
2024,401628559,13
2024,401628560,13
2024,401628561,13
2024,401628564,14
2024,401628565,14
2024,401628567,14
2024,401628568,14
2024,401628569,14
2024,401628571,14
2024,401628572,13
2024,401628581,1
2024,401628584,1
2024,401628586,1
2024,401628625,4
2024,401628983,9
2024,401628984,11
2024,401629031,4
2024,401629038,14
2024,401629040,2
2024,401629041,3
2024,401629042,4
2024,401632072,2
2024,401634169,1
2024,401634181,2
2024,401634206,1
2024,401634240,1
2024,401634305,1
2024,401634767,5
2024,401634769,8
2024,401634771,9
2024,401634779,6
2024,401635516,10
2024,401635517,12
2024,401635518,13
2024,401635532,2
2024,401635533,2
2024,401635535,2
2024,401635538,2
2024,401635545,3
2024,401635552,4
2024,401635554,4
2024,401635555,4
2024,401635557,4
2024,401635558,4
2024,401635563,5
2024,401635564,5
2024,401635567,6
2024,401635570,6
2024,401635571,6
2024,401635572,6
2024,401635575,7
2024,401635583,12
2024,401635594,9
2024,401635595,9
2024,401635602,10
2024,401635606,11
2024,401635608,11
2024,401635612,13
2024,401635614,13
2024,401635615,13
2024,401635620,14
2024,401635623,14
2024,401635624,14
2024,401636364,3
2024,401636374,4
2024,401636380,1
2024,401636607,1
2024,401636608,1
2024,401636609,1
2024,401636611,1
2024,401636613,1
2024,401636616,2
2024,401636862,3
2024,401636865,3
2024,401636868,3
2024,401636869,3
2024,401636871,3
2024,401636874,4
2024,401636875,4
2024,401636876,4
2024,401636877,4
2024,401636880,5
2024,401636882,5
2024,401636888,6
2024,401636889,6
2024,401636893,7
2024,401636898,8
2024,401636904,8
2024,401636908,9
2024,401636909,9
2024,401636910,9
2024,401636911,9
2024,401636912,10
2024,401636914,10
2024,401636915,10
2024,401636919,11
2024,401636920,11
2024,401636926,12
2024,401636930,13
2024,401636934,13
2024,401636938,14
2024,401636942,14
2024,401636943,14
2024,401636944,14
2024,401637159,1
2024,401640959,13
2024,401640979,2
2024,401640980,3
2024,401640982,7
2024,401640987,13
2024,401640988,14
2024,401640989,2
2024,401640993,9
2024,401640999,3
2024,401641001,6
2024,401641007,1
2024,401641010,8
2024,401641014,14
2024,401641017,3
2024,401641020,10
2024,401641021,11
2024,401641023,1
2024,401641028,4
2024,401641032,1
2024,401641033,3
2024,401641037,4
2024,401641038,8
2024,401641041,5
2024,401643698,1
2024,401643700,1
2024,401643701,1
2024,401643702,1
2024,401643703,1
2024,401643704,1
2024,401643705,2
2024,401643706,2
2024,401643707,2
2024,401643711,4
2024,401643713,4
2024,401643714,4
2024,401643715,4
2024,401643716,4
2024,401643717,4
2024,401643720,5
2024,401643721,5
2024,401643723,6
2024,401643725,6
2024,401643738,8
2024,401643740,9
2024,401643744,9
2024,401643746,10
2024,401643748,10
2024,401643751,11
2024,401643752,11
2024,401643753,11
2024,401643756,11
2024,401643758,12
2024,401643760,12
2024,401643761,12
2024,401643762,12
2024,401643765,13
2024,401643766,13
2024,401643767,13
2024,401643770,14
2024,401643771,14
2024,401643775,1
2024,401643778,2
2024,401643780,2
2024,401643791,4
2024,401643799,6
2024,401643800,6
2024,401643801,6
2024,401643803,7
2024,401643807,7
2024,401643809,8
2024,401643810,8
2024,401643815,9
2024,401643816,9
2024,401643824,10
2024,401643826,11
2024,401643827,11
2024,401643830,12
2024,401643833,12
2024,401643836,13
2024,401643846,14
2024,401643858,1
2024,401644686,8
2024,401644687,9
2024,401644690,13
2024,401644727,1
2024,401644728,1
2024,401644729,1
2024,401644731,1
2024,401644739,5
2024,401644741,6
2024,401644742,7
2024,401644745,7
2024,401644746,7
2024,401644748,8
2024,401644749,8
2024,401644752,9
2024,401644753,9
2024,401644754,9
2024,401644757,10
2024,401644766,12
2024,401644767,12
2024,401644769,13
2024,401644770,13
2024,401644774,13
2024,401644775,14
2024,401645316,1
2024,401645318,1
2024,401645321,1
2024,401645323,2
2024,401645326,2
2024,401645329,4
2024,401645332,5
2024,401645333,5
2024,401645338,6
2024,401645340,6
2024,401645342,7
2024,401645344,7
2024,401645345,8
2024,401645346,8
2024,401645347,8
2024,401645353,9
2024,401645355,9
2024,401645356,10
2024,401645358,10
2024,401645368,12
2024,401645372,13
2024,401645373,13
2024,401645377,14
2024,401645378,14
2024,401645379,14
2024,401645380,14
2024,401645381,14
2024,401645382,14
2024,401654845,1
2024,401655632,3
2024,401673470,15
2024,401677083,1
2024,401677084,1
2024,401677085,1
2024,401677091,1
2024,401677093,1
2024,401677094,1
2024,401677098,1
2024,401677100,1
2024,401677106,1
2024,401677177,1
2024,401677182,1
2024,401677190,1
2024,401729867,1
2025,401752667,1
2025,401752670,1
2025,401752672,1
2025,401752674,1
2025,401752678,1
2025,401752681,2
2025,401752682,2
2025,401752683,2
2025,401752684,2
2025,401752685,2
2025,401752687,2
2025,401752691,2
2025,401752695,2
2025,401752696,3
2025,401752697,3
2025,401752699,3
2025,401752700,3
2025,401752701,3
2025,401752713,4
2025,401752715,4
2025,401752716,4
2025,401752718,5
2025,401752719,5
2025,401752722,5
2025,401752724,5
2025,401752725,5
2025,401752727,6
2025,401752730,6
2025,401752737,7
2025,401752739,8
2025,401752740,8
2025,401752741,8
2025,401752743,8
2025,401752753,10
2025,401752755,10
2025,401752757,10
2025,401752760,11
2025,401752763,11
2025,401752764,11
2025,401752772,12
2025,401752775,13
2025,401752779,13
2025,401752780,13
2025,401752783,14
2025,401752784,14
2025,401752785,14
2025,401752790,14
2025,401752791,14
2025,401752794,1
2025,401752797,1
2025,401752798,1
2025,401752800,1
2025,401752802,1
2025,401752803,1
2025,401752814,2
2025,401752816,2
2025,401752817,2
2025,401752820,2
2025,401752821,2
2025,401752823,2
2025,401752824,2
2025,401752828,3
2025,401752829,3
2025,401752832,3
2025,401752833,3
2025,401752840,3
2025,401752844,4
2025,401752847,4
2025,401752848,4
2025,401752849,5
2025,401752850,5
2025,401752854,5
2025,401752855,6
2025,401752856,6
2025,401752858,6
2025,401752861,6
2025,401752862,7
2025,401752863,7
2025,401752865,7
2025,401752866,7
2025,401752867,7
2025,401752869,7
2025,401752876,8
2025,401752879,8
2025,401752880,9
2025,401752884,9
2025,401752886,9
2025,401752889,10
2025,401752898,11
2025,401752900,12
2025,401752901,12
2025,401752903,12
2025,401752905,12
2025,401752906,12
2025,401752911,13
2025,401752915,13
2025,401752916,14
2025,401752918,14
2025,401752919,14
2025,401752921,14
2025,401752924,14
2025,401752937,2
2025,401752938,3
2025,401752939,5
2025,401752944,11
2025,401752949,3
2025,401752951,8
2025,401752954,13
2025,401754372,9
2025,401754516,1
2025,401754517,1
2025,401754519,1
2025,401754520,1
2025,401754521,1
2025,401754522,1
2025,401754523,1
2025,401754525,2
2025,401754528,2
2025,401754529,2
2025,401754530,2
2025,401754531,3
2025,401754532,3
2025,401754533,3
2025,401754534,3
2025,401754536,3
2025,401754538,4
2025,401754541,4
2025,401754543,5
2025,401754544,5
2025,401754546,5
2025,401754547,5
2025,401754551,6
2025,401754552,6
2025,401754553,6
2025,401754554,6
2025,401754556,6
2025,401754558,7
2025,401754560,7
2025,401754561,7
2025,401754562,7
2025,401754565,8
2025,401754568,8
2025,401754569,8
2025,401754575,10
2025,401754577,10
2025,401754580,10
2025,401754581,10
2025,401754582,10
2025,401754584,11
2025,401754585,11
2025,401754586,11
2025,401754587,11
2025,401754588,11
2025,401754590,11
2025,401754591,12
2025,401754593,12
2025,401754596,12
2025,401754597,12
2025,401754600,13
2025,401754601,13
2025,401754602,13
2025,401754603,13
2025,401754606,13
2025,401754614,14
2025,401754615,3
2025,401754618,2
2025,401754621,2
2025,401754622,2
2025,401754636,4
2025,401754637,2
2025,401756847,1
2025,401756850,1
2025,401756853,1
2025,401756877,1
2025,401756878,1
2025,401756879,2
2025,401756883,2
2025,401756884,2
2025,401756886,2
2025,401756890,3
2025,401756892,3
2025,401756893,3
2025,401756894,3
2025,401756895,3
2025,401756896,4
2025,401756900,4
2025,401756906,5
2025,401756907,5
2025,401756908,5
2025,401756911,6
2025,401756913,6
2025,401756914,6
2025,401756915,6
2025,401756916,7
2025,401756918,7
2025,401756919,7
2025,401756922,7
2025,401756923,8
2025,401756926,8
2025,401756927,8
2025,401756929,9
2025,401756931,9
2025,401756934,9
2025,401756936,10
2025,401756940,10
2025,401756942,10
2025,401756945,11
2025,401756948,12
2025,401756953,12
2025,401756956,13
2025,401756960,13
2025,401756962,14
2025,401756966,14
2025,401756967,14
2025,401757167,1
2025,401757168,3
2025,401757170,5
2025,401757171,6
2025,401757172,9
2025,401757175,13
2025,401757220,1
2025,401757221,1
2025,401757222,1
2025,401757224,1
2025,401757225,1
2025,401757226,1
2025,401757228,2
2025,401757229,2
2025,401757230,2
2025,401757233,3
2025,401757235,3
2025,401757257,3
2025,401757258,3
2025,401757259,4
2025,401757260,4
2025,401757261,4
2025,401757264,4
2025,401757267,4
2025,401757268,4
2025,401757269,5
2025,401757271,5
2025,401757278,7
2025,401757285,9
2025,401757287,9
2025,401757289,10
2025,401757290,10
2025,401757291,10
2025,401757292,10
2025,401757293,10
2025,401757294,10
2025,401757296,11
2025,401757297,11
2025,401757302,12
2025,401757303,12
2025,401757305,13
2025,401757310,14
2025,401757312,14
2025,401757313,14
2025,401760357,1
2025,401760361,1
2025,401760365,2
2025,401760366,2
2025,401760367,2
2025,401760368,3
2025,401760370,3
2025,401760371,1
2025,401760373,4
2025,401760375,4
2025,401760376,4
2025,401760379,5
2025,401760382,6
2025,401760384,6
2025,401760385,6
2025,401760386,7
2025,401760387,7
2025,401760388,7
2025,401760390,7
2025,401760391,7
2025,401760392,8
2025,401760394,8
2025,401760396,8
2025,401760397,9
2025,401760399,9
2025,401760403,10
2025,401760404,10
2025,401760406,11
2025,401760409,11
2025,401760410,12
2025,401760411,12
2025,401760412,12
2025,401760416,13
2025,401760417,13
2025,401760423,14
2025,401761588,1
2025,401761589,1
2025,401761590,1
2025,401761591,1
2025,401761593,1
2025,401761594,1
2025,401761596,2
2025,401761597,2
2025,401761598,2
2025,401761601,2
2025,401761602,2
2025,401761603,2
2025,401761607,3
2025,401761615,5
2025,401761616,5
2025,401761617,5
2025,401761620,6
2025,401761621,6
2025,401761622,7
2025,401761626,7
2025,401761627,7
2025,401761628,8
2025,401761629,8
2025,401761630,8
2025,401761631,8
2025,401761632,8
2025,401761633,8
2025,401761634,9
2025,401761635,9
2025,401761636,9
2025,401761639,10
2025,401761640,10
2025,401761646,11
2025,401761647,11
2025,401761649,12
2025,401761651,12
2025,401761654,12
2025,401761655,13
2025,401761656,13
2025,401761660,13
2025,401761662,14
2025,401761667,14
2025,401762456,1
2025,401762457,1
2025,401762458,2
2025,401762459,2
2025,401762461,2
2025,401762462,2
2025,401762463,3
2025,401762464,3
2025,401762467,3
2025,401762470,4
2025,401762471,5
2025,401762472,5
2025,401762473,5
2025,401762475,6
2025,401762476,6
2025,401762481,7
2025,401762482,7
2025,401762484,7
2025,401762485,7
2025,401762489,8
2025,401762491,8
2025,401762493,9
2025,401762494,9
2025,401762495,9
2025,401762500,11
2025,401762501,11
2025,401762506,12
2025,401762508,12
2025,401762510,12
2025,401762512,13
2025,401762514,13
2025,401762515,13
2025,401762516,14
2025,401762517,14
2025,401762522,1
2025,401762792,1
2025,401762793,1
2025,401762794,2
2025,401762795,2
2025,401762816,2
2025,401762818,3
2025,401762821,4
2025,401762823,4
2025,401762826,5
2025,401762829,6
2025,401762830,6
2025,401762831,6
2025,401762833,7
2025,401762835,7
2025,401762837,7
2025,401762838,8
2025,401762839,8
2025,401762843,8
2025,401762844,9
2025,401762847,9
2025,401762849,10
2025,401762852,11
2025,401762854,11
2025,401762860,12
2025,401762861,12
2025,401762862,13
2025,401762867,13
2025,401762871,14
2025,401762875,14
2025,401766898,1
2025,401769071,1
2025,401769072,1
2025,401769073,1
2025,401769074,1
2025,401769075,1
2025,401769076,1
2025,401777324,15
2025,401777325,15
2025,401778302,1
2025,401778308,1
2025,401778310,1
2025,401778315,1
2025,401778321,1
2025,401778323,1
2025,401778325,1
2025,401778327,1
2025,401778328,1
2025,401778329,1
2025,401778333,1
2025,401778334,1
2025,401779843,1
